,id,massa,area_mm,comprimento_mm,largura_mm,area_pixel,comprimento_pixel,largura_pixel,granulometria_nbr,granulometria_pdi,formato,secao,nome_arquivo
0,1,0.23,38.64,8.32,6.04,32,7,6,4.7,4.7,cubica,original,1.png
1,1,0.02,11.59,2.5,1.81,2,2,1,4.7,4.7,cubica,redimensionado_30,1_30.png
2,1,0.11,27.04,5.83,4.23,16,4,4,4.7,4.7,cubica,redimensionado_70,1_70.png
3,2,0.37,56.05,10.78,6.54,42,9,7,4.7,4.7,cubica,original,2.png
4,2,0.03,16.82,3.23,1.96,4,2,2,4.7,4.7,cubica,redimensionado_30,2_30.png
5,2,0.18,39.24,7.54,4.58,22,6,4,4.7,4.7,cubica,redimensionado_70,2_70.png
6,3,0.43,56.42,10.94,7.64,51,9,8,4.7,4.7,cubica,original,3.png
7,3,0.04,16.93,3.28,2.29,4,2,2,4.7,4.7,cubica,redimensionado_30,3_30.png
8,3,0.21,39.5,7.66,5.35,28,6,5,4.7,4.7,cubica,redimensionado_70,3_70.png
9,4,0.32,42.73,8.76,7.55,38,8,7,4.7,4.7,cubica,original,4.png
10,4,0.03,12.82,2.63,2.27,4,2,2,4.7,4.7,cubica,redimensionado_30,4_30.png
11,4,0.16,29.91,6.13,5.29,18,5,4,4.7,4.7,cubica,redimensionado_70,4_70.png
12,5,0.18,30.36,7.34,6.06,23,5,6,4.7,4.7,cubica,original,5.png
13,5,0.02,9.11,2.2,1.82,1,1,1,4.7,4.7,cubica,redimensionado_30,5_30.png
14,5,0.09,21.25,5.14,4.24,12,3,4,4.7,4.7,cubica,redimensionado_70,5_70.png
15,6,0.35,54.15,12.05,6.4,46,11,6,4.7,4.7,cubica,original,6.png
16,6,0.03,16.25,3.61,1.92,3,3,1,4.7,4.7,cubica,redimensionado_30,6_30.png
17,6,0.17,37.91,8.43,4.48,26,7,4,4.7,4.7,cubica,redimensionado_70,6_70.png
18,7,0.28,43.79,9.65,6.5,39,6,8,4.7,4.7,cubica,original,7.png
19,7,0.03,13.14,2.9,1.95,2,1,2,4.7,4.7,cubica,redimensionado_30,7_30.png
20,7,0.14,30.66,6.76,4.55,19,4,5,4.7,4.7,cubica,redimensionado_70,7_70.png
21,8,0.38,53.02,10.83,7.25,52,10,7,4.7,4.7,cubica,original,8.png
22,8,0.03,15.91,3.25,2.17,6,3,2,4.7,4.7,cubica,redimensionado_30,8_30.png
23,8,0.19,37.12,7.58,5.07,25,7,4,4.7,4.7,cubica,redimensionado_70,8_70.png
24,9,0.18,32.21,8.65,5.6,29,7,6,4.7,4.7,cubica,original,9.png
25,9,0.02,9.66,2.59,1.68,2,2,1,4.7,4.7,cubica,redimensionado_30,9_30.png
26,9,0.09,22.55,6.05,3.92,15,4,4,4.7,4.7,cubica,redimensionado_70,9_70.png
27,10,0.18,28.24,7.79,6.27,28,7,6,4.7,4.7,cubica,original,10.png
28,10,0.02,8.47,2.34,1.88,2,2,1,4.7,4.7,cubica,redimensionado_30,10_30.png
29,10,0.09,19.77,5.45,4.39,13,4,4,4.7,4.7,cubica,redimensionado_70,10_70.png
30,11,0.5,65.43,11.7,7.57,59,11,8,4.7,4.7,cubica,original,11.png
31,11,0.04,19.63,3.51,2.27,6,3,2,4.7,4.7,cubica,redimensionado_30,11_30.png
32,11,0.24,45.8,8.19,5.3,31,7,5,4.7,4.7,cubica,redimensionado_70,11_70.png
33,12,0.14,25.28,7.1,5.48,18,5,5,4.7,4.7,cubica,original,12.png
34,12,0.01,7.59,2.13,1.64,1,1,1,4.7,4.7,cubica,redimensionado_30,12_30.png
35,12,0.07,17.7,4.97,3.83,9,3,3,4.7,4.7,cubica,redimensionado_70,12_70.png
36,13,0.51,72.8,14.12,6.95,59,13,6,4.7,4.7,alongada,original,13.png
37,13,0.05,21.84,4.24,2.09,3,3,1,4.7,4.7,alongada,redimensionado_30,13_30.png
38,13,0.25,50.96,9.89,4.87,36,9,4,4.7,4.7,alongada,redimensionado_70,13_70.png
39,14,0.13,23.69,6.02,5.55,19,5,5,4.7,4.7,cubica,original,14.png
40,14,0.01,7.11,1.81,1.67,1,1,1,4.7,4.7,cubica,redimensionado_30,14_30.png
41,14,0.06,16.58,4.21,3.89,9,3,3,4.7,4.7,cubica,redimensionado_70,14_70.png
42,15,0.17,30.24,7.78,5.64,26,5,7,4.7,4.7,cubica,original,15.png
43,15,0.02,9.07,2.34,1.69,2,1,2,4.7,4.7,cubica,redimensionado_30,15_30.png
44,15,0.08,21.17,5.45,3.95,12,3,4,4.7,4.7,cubica,redimensionado_70,15_70.png
45,16,0.55,75.17,14.9,7.26,65,14,7,4.7,4.7,alongada,original,16.png
46,16,0.05,22.55,4.47,2.18,8,4,2,4.7,4.7,alongada,redimensionado_30,16_30.png
47,16,0.27,52.62,10.43,5.08,31,9,4,4.7,4.7,alongada,redimensionado_70,16_70.png
48,17,0.26,38.83,8.23,6.59,33,7,6,4.7,4.7,cubica,original,17.png
49,17,0.02,11.65,2.47,1.98,2,2,1,4.7,4.7,cubica,redimensionado_30,17_30.png
50,17,0.13,27.18,5.76,4.61,16,4,4,4.7,4.7,cubica,redimensionado_70,17_70.png
51,18,0.29,44.27,9.25,6.64,35,8,6,4.7,4.7,cubica,original,18.png
52,18,0.03,13.28,2.78,1.99,2,2,1,4.7,4.7,cubica,redimensionado_30,18_30.png
53,18,0.14,30.99,6.48,4.65,20,5,4,4.7,4.7,cubica,redimensionado_70,18_70.png
54,19,0.44,59.67,11.04,7.32,49,9,8,4.7,4.7,cubica,original,19.png
55,19,0.04,17.9,3.31,2.2,4,2,2,4.7,4.7,cubica,redimensionado_30,19_30.png
56,19,0.21,41.77,7.73,5.13,27,6,5,4.7,4.7,cubica,redimensionado_70,19_70.png
57,20,0.33,45.76,9.07,7.2,37,8,6,4.7,4.7,cubica,original,20.png
58,20,0.03,13.73,2.72,2.16,2,2,1,4.7,4.7,cubica,redimensionado_30,20_30.png
59,20,0.16,32.03,6.35,5.04,20,5,4,4.7,4.7,cubica,redimensionado_70,20_70.png
60,21,5.03,306.23,23.81,16.43,264,17,21,12.5,12.5,cubica,original,21.png
61,21,0.45,91.87,7.14,4.93,28,5,6,12.5,12.5,cubica,redimensionado_30,21_30.png
62,21,2.47,214.36,16.66,11.5,131,11,14,12.5,12.5,cubica,redimensionado_70,21_70.png
63,22,5.73,306.65,22.8,18.68,277,18,20,12.5,12.5,cubica,original,22.png
64,22,0.52,91.99,6.84,5.6,29,5,6,12.5,12.5,cubica,redimensionado_30,22_30.png
65,22,2.81,214.65,15.96,13.08,147,12,14,12.5,12.5,cubica,redimensionado_70,22_70.png
66,23,5.48,311.6,25.49,17.59,277,17,23,12.5,12.5,cubica,original,23.png
67,23,0.49,93.48,7.65,5.28,28,5,6,12.5,12.5,cubica,redimensionado_30,23_30.png
68,23,2.69,218.12,17.85,12.31,145,11,16,12.5,12.5,cubica,redimensionado_70,23_70.png
69,24,11.22,482.39,28.7,23.25,438,23,26,12.5,12.5,cubica,original,24.png
70,24,1.01,144.72,8.61,6.98,41,6,7,12.5,12.5,cubica,redimensionado_30,24_30.png
71,24,5.5,337.67,20.09,16.28,236,16,18,12.5,12.5,cubica,redimensionado_70,24_70.png
72,25,5.34,314.73,25.62,16.96,273,21,20,12.5,12.5,cubica,original,25.png
73,25,0.48,94.42,7.69,5.09,31,6,6,12.5,12.5,cubica,redimensionado_30,25_30.png
74,25,2.62,220.31,17.93,11.88,152,14,14,12.5,12.5,cubica,redimensionado_70,25_70.png
75,26,7.53,368.03,24.2,20.45,314,21,20,12.5,12.5,cubica,original,26.png
76,26,0.68,110.41,7.26,6.14,34,6,6,12.5,12.5,cubica,redimensionado_30,26_30.png
77,26,3.69,257.62,16.94,14.32,171,14,14,12.5,12.5,cubica,redimensionado_70,26_70.png
78,27,6.36,374.74,31.61,16.97,339,26,22,12.5,12.5,cubica,original,27.png
79,27,0.57,112.42,9.48,5.09,34,7,6,12.5,12.5,cubica,redimensionado_30,27_30.png
80,27,3.12,262.32,22.12,11.88,183,18,15,12.5,12.5,cubica,redimensionado_70,27_70.png
81,28,4.67,258.36,20.76,18.07,223,17,17,12.5,12.5,cubica,original,28.png
82,28,0.42,77.51,6.23,5.42,24,5,5,12.5,12.5,cubica,redimensionado_30,28_30.png
83,28,2.29,180.85,14.53,12.65,106,11,11,12.5,12.5,cubica,redimensionado_70,28_70.png
84,29,7.81,373.62,24.48,20.91,332,20,23,12.5,12.5,cubica,original,29.png
85,29,0.7,112.08,7.34,6.27,34,6,6,12.5,12.5,cubica,redimensionado_30,29_30.png
86,29,3.83,261.53,17.14,14.64,183,14,16,12.5,12.5,cubica,redimensionado_70,29_70.png
87,30,5.65,313.65,22.98,18.0,278,19,20,12.5,12.5,cubica,original,30.png
88,30,0.51,94.1,6.89,5.4,28,5,6,12.5,12.5,cubica,redimensionado_30,30_30.png
89,30,2.77,219.56,16.08,12.6,153,13,14,12.5,12.5,cubica,redimensionado_70,30_70.png
90,31,6.48,338.61,24.47,19.15,295,20,21,12.5,12.5,cubica,original,31.png
91,31,0.58,101.58,7.34,5.75,34,6,6,12.5,12.5,cubica,redimensionado_30,31_30.png
92,31,3.18,237.02,17.13,13.41,162,14,14,12.5,12.5,cubica,redimensionado_70,31_70.png
93,32,6.2,376.34,33.13,16.47,334,16,30,12.5,12.5,alongada,original,32.png
94,32,0.56,112.9,9.94,4.94,32,4,9,12.5,12.5,alongada,redimensionado_30,32_30.png
95,32,3.04,263.43,23.19,11.53,185,11,21,12.5,12.5,alongada,redimensionado_70,32_70.png
96,33,5.58,292.02,22.95,19.12,251,21,19,12.5,12.5,cubica,original,33.png
97,33,0.5,87.61,6.89,5.74,26,6,5,12.5,12.5,cubica,redimensionado_30,33_30.png
98,33,2.74,204.41,16.07,13.38,136,14,13,12.5,12.5,cubica,redimensionado_70,33_70.png
99,34,4.57,265.61,20.86,17.21,233,17,18,12.5,12.5,cubica,original,34.png
100,34,0.41,79.68,6.26,5.16,24,5,5,12.5,12.5,cubica,redimensionado_30,34_30.png
101,34,2.24,185.93,14.6,12.05,117,11,12,12.5,12.5,cubica,redimensionado_70,34_70.png
102,35,5.13,278.99,21.82,18.37,248,20,19,12.5,12.5,cubica,original,35.png
103,35,0.46,83.7,6.55,5.51,27,6,5,12.5,12.5,cubica,redimensionado_30,35_30.png
104,35,2.51,195.3,15.27,12.86,138,14,13,12.5,12.5,cubica,redimensionado_70,35_70.png
105,36,8.26,424.99,29.18,19.43,376,27,19,12.5,12.5,cubica,original,36.png
106,36,0.74,127.5,8.76,5.83,37,8,5,12.5,12.5,cubica,redimensionado_30,36_30.png
107,36,4.05,297.49,20.43,13.6,199,18,13,12.5,12.5,cubica,redimensionado_70,36_70.png
108,37,4.32,260.33,21.41,16.58,224,19,16,12.5,12.5,cubica,original,37.png
109,37,0.39,78.1,6.42,4.97,20,5,4,12.5,12.5,cubica,redimensionado_30,37_30.png
110,37,2.12,182.23,14.99,11.61,124,13,11,12.5,12.5,cubica,redimensionado_70,37_70.png
111,38,5.92,319.23,25.52,18.56,299,24,18,12.5,12.5,cubica,original,38.png
112,38,0.53,95.77,7.66,5.57,31,7,5,12.5,12.5,cubica,redimensionado_30,38_30.png
113,38,2.9,223.46,17.87,12.99,149,16,12,12.5,12.5,cubica,redimensionado_70,38_70.png
114,39,3.45,220.45,19.57,15.66,193,15,17,12.5,12.5,cubica,original,39.png
115,39,0.31,66.13,5.87,4.7,20,4,5,12.5,12.5,cubica,redimensionado_30,39_30.png
116,39,1.69,154.31,13.7,10.96,96,10,11,12.5,12.5,cubica,redimensionado_70,39_70.png
117,40,4.71,265.63,20.93,17.74,245,17,19,12.5,12.5,cubica,original,40.png
118,40,0.42,79.69,6.28,5.32,24,5,5,12.5,12.5,cubica,redimensionado_30,40_30.png
119,40,2.31,185.94,14.65,12.42,121,11,13,12.5,12.5,cubica,redimensionado_70,40_70.png
120,41,9.02,410.04,27.44,22.0,370,26,22,12.5,12.5,cubica,original,41.png
121,41,0.81,123.01,8.23,6.6,36,7,6,12.5,12.5,cubica,redimensionado_30,41_30.png
122,41,4.42,287.03,19.21,15.4,200,18,15,12.5,12.5,cubica,redimensionado_70,41_70.png
123,42,5.06,329.19,30.4,15.38,291,24,20,12.5,9.5,cubica,original,42.png
124,42,0.46,98.76,9.12,4.62,34,7,6,12.5,9.5,cubica,redimensionado_30,42_30.png
125,42,2.48,230.43,21.28,10.77,159,16,14,12.5,9.5,cubica,redimensionado_70,42_70.png
126,43,8.13,378.73,23.3,21.46,334,20,21,12.5,12.5,cubica,original,43.png
127,43,0.73,113.62,6.99,6.44,36,6,6,12.5,12.5,cubica,redimensionado_30,43_30.png
128,43,3.98,265.11,16.31,15.02,175,14,14,12.5,12.5,cubica,redimensionado_70,43_70.png
129,44,4.59,287.52,25.34,15.98,252,23,15,12.5,12.5,cubica,original,44.png
130,44,0.41,86.25,7.6,4.79,23,6,4,12.5,12.5,cubica,redimensionado_30,44_30.png
131,44,2.25,201.26,17.74,11.18,138,16,10,12.5,12.5,cubica,redimensionado_70,44_70.png
132,45,3.99,244.18,19.9,16.34,222,18,18,12.5,12.5,cubica,original,45.png
133,45,0.36,73.25,5.97,4.9,23,5,5,12.5,12.5,cubica,redimensionado_30,45_30.png
134,45,1.96,170.93,13.93,11.44,114,12,12,12.5,12.5,cubica,redimensionado_70,45_70.png
135,46,8.73,411.9,26.47,21.2,353,24,20,12.5,12.5,cubica,original,46.png
136,46,0.79,123.57,7.94,6.36,39,7,6,12.5,12.5,cubica,redimensionado_30,46_30.png
137,46,4.28,288.33,18.53,14.84,185,16,14,12.5,12.5,cubica,redimensionado_70,46_70.png
138,47,3.57,226.54,20.71,15.77,202,17,15,12.5,12.5,cubica,original,47.png
139,47,0.32,67.96,6.21,4.73,20,5,4,12.5,12.5,cubica,redimensionado_30,47_30.png
140,47,1.75,158.57,14.5,11.04,103,11,10,12.5,12.5,cubica,redimensionado_70,47_70.png
141,48,5.32,295.46,24.42,18.01,258,21,18,12.5,12.5,cubica,original,48.png
142,48,0.48,88.64,7.33,5.4,28,6,5,12.5,12.5,cubica,redimensionado_30,48_30.png
143,48,2.61,206.82,17.09,12.61,136,14,12,12.5,12.5,cubica,redimensionado_70,48_70.png
144,49,4.13,242.8,19.75,17.01,212,18,17,12.5,12.5,cubica,original,49.png
145,49,0.37,72.84,5.93,5.1,24,5,5,12.5,12.5,cubica,redimensionado_30,49_30.png
146,49,2.02,169.96,13.83,11.91,110,12,11,12.5,12.5,cubica,redimensionado_70,49_70.png
147,50,6.03,353.17,29.11,17.06,333,25,17,12.5,12.5,cubica,original,50.png
148,50,0.54,105.95,8.73,5.12,32,7,5,12.5,12.5,cubica,redimensionado_30,50_30.png
149,50,2.95,247.22,20.38,11.94,163,17,11,12.5,12.5,cubica,redimensionado_70,50_70.png
150,51,3.55,234.76,21.27,15.12,203,18,16,12.5,9.5,cubica,original,51.png
151,51,0.32,70.43,6.38,4.54,19,5,4,12.5,9.5,cubica,redimensionado_30,51_30.png
152,51,1.74,164.33,14.89,10.58,109,12,11,12.5,9.5,cubica,redimensionado_70,51_70.png
153,52,5.14,310.9,24.41,16.53,267,23,15,12.5,12.5,cubica,original,52.png
154,52,0.46,93.27,7.32,4.96,24,6,4,12.5,12.5,cubica,redimensionado_30,52_30.png
155,52,2.52,217.63,17.09,11.57,145,16,10,12.5,12.5,cubica,redimensionado_70,52_70.png
156,53,3.46,222.81,21.07,15.53,191,19,16,12.5,9.5,cubica,original,53.png
157,53,0.31,66.84,6.32,4.66,18,5,4,12.5,9.5,cubica,redimensionado_30,53_30.png
158,53,1.7,155.97,14.75,10.87,109,13,11,12.5,9.5,cubica,redimensionado_70,53_70.png
159,54,3.38,234.9,21.42,14.38,215,20,14,12.5,9.5,cubica,original,54.png
160,54,0.3,70.47,6.43,4.31,24,6,4,12.5,9.5,cubica,redimensionado_30,54_30.png
161,54,1.66,164.43,15.0,10.07,111,14,9,12.5,9.5,cubica,redimensionado_70,54_70.png
162,55,6.03,322.2,22.99,18.7,272,20,17,12.5,12.5,cubica,original,55.png
163,55,0.54,96.66,6.9,5.61,30,6,5,12.5,12.5,cubica,redimensionado_30,55_30.png
164,55,2.95,225.54,16.09,13.09,142,14,11,12.5,12.5,cubica,redimensionado_70,55_70.png
165,56,3.46,223.31,20.11,15.48,203,17,16,12.5,9.5,cubica,original,56.png
166,56,0.31,66.99,6.03,4.65,20,5,4,12.5,9.5,cubica,redimensionado_30,56_30.png
167,56,1.69,156.32,14.07,10.84,106,11,11,12.5,9.5,cubica,redimensionado_70,56_70.png
168,57,6.12,336.28,24.76,18.2,298,23,19,12.5,12.5,cubica,original,57.png
169,57,0.55,100.88,7.43,5.46,28,6,5,12.5,12.5,cubica,redimensionado_30,57_30.png
170,57,3.0,235.4,17.33,12.74,165,16,13,12.5,12.5,cubica,redimensionado_70,57_70.png
171,58,5.51,309.21,22.75,17.82,275,21,18,12.5,12.5,cubica,original,58.png
172,58,0.5,92.76,6.83,5.35,29,6,5,12.5,12.5,cubica,redimensionado_30,58_30.png
173,58,2.7,216.45,15.93,12.48,144,14,12,12.5,12.5,cubica,redimensionado_70,58_70.png
174,59,3.07,200.1,17.77,15.33,174,15,14,12.5,9.5,cubica,original,59.png
175,59,0.28,60.03,5.33,4.6,16,4,4,12.5,9.5,cubica,redimensionado_30,59_30.png
176,59,1.5,140.07,12.44,10.73,85,10,9,12.5,9.5,cubica,redimensionado_70,59_70.png
177,60,8.34,415.98,26.48,20.06,374,24,20,12.5,12.5,cubica,original,60.png
178,60,0.75,124.79,7.94,6.02,41,7,6,12.5,12.5,cubica,redimensionado_30,60_30.png
179,60,4.09,291.18,18.53,14.04,199,16,14,12.5,12.5,cubica,redimensionado_70,60_70.png
180,61,3.89,239.65,19.13,16.24,215,15,17,12.5,12.5,cubica,original,61.png
181,61,0.35,71.89,5.74,4.87,20,4,5,12.5,12.5,cubica,redimensionado_30,61_30.png
182,61,1.91,167.75,13.39,11.37,105,10,11,12.5,12.5,cubica,redimensionado_70,61_70.png
183,62,5.8,341.95,27.25,16.95,300,23,19,12.5,12.5,cubica,original,62.png
184,62,0.52,102.58,8.18,5.09,27,6,5,12.5,12.5,cubica,redimensionado_30,62_30.png
185,62,2.84,239.36,19.08,11.87,163,16,13,12.5,12.5,cubica,redimensionado_70,62_70.png
186,63,2.55,182.3,19.54,14.0,165,18,13,12.5,9.5,cubica,original,63.png
187,63,0.23,54.69,5.86,4.2,14,5,3,12.5,9.5,cubica,redimensionado_30,63_30.png
188,63,1.25,127.61,13.68,9.8,90,12,9,12.5,9.5,cubica,redimensionado_70,63_70.png
189,64,3.51,239.68,24.41,14.65,218,16,21,12.5,9.5,cubica,original,64.png
190,64,0.32,71.9,7.32,4.39,20,4,6,12.5,9.5,cubica,redimensionado_30,64_30.png
191,64,1.72,167.78,17.09,10.25,116,11,14,12.5,9.5,cubica,redimensionado_70,64_70.png
192,65,10.32,443.12,27.19,23.3,385,23,22,12.5,12.5,cubica,original,65.png
193,65,0.93,132.94,8.16,6.99,34,6,6,12.5,12.5,cubica,redimensionado_30,65_30.png
194,65,5.06,310.18,19.03,16.31,206,16,15,12.5,12.5,cubica,redimensionado_70,65_70.png
195,66,5.83,306.55,24.21,19.02,270,21,18,12.5,12.5,cubica,original,66.png
196,66,0.53,91.96,7.26,5.71,27,6,5,12.5,12.5,cubica,redimensionado_30,66_30.png
197,66,2.86,214.58,16.95,13.32,138,14,12,12.5,12.5,cubica,redimensionado_70,66_70.png
198,67,8.73,438.99,29.46,19.89,408,21,26,12.5,12.5,cubica,original,67.png
199,67,0.79,131.7,8.84,5.97,41,6,7,12.5,12.5,cubica,redimensionado_30,67_30.png
200,67,4.28,307.29,20.63,13.93,214,14,18,12.5,12.5,cubica,redimensionado_70,67_70.png
201,68,4.43,305.54,27.46,14.5,262,21,21,12.5,9.5,cubica,original,68.png
202,68,0.4,91.66,8.24,4.35,30,6,6,12.5,9.5,cubica,redimensionado_30,68_30.png
203,68,2.17,213.88,19.22,10.15,138,14,14,12.5,9.5,cubica,redimensionado_70,68_70.png
204,69,5.63,335.7,27.03,16.77,286,25,16,12.5,12.5,cubica,original,69.png
205,69,0.51,100.71,8.11,5.03,27,7,4,12.5,12.5,cubica,redimensionado_30,69_30.png
206,69,2.76,234.99,18.92,11.74,157,17,11,12.5,12.5,cubica,redimensionado_70,69_70.png
207,70,7.03,372.35,26.86,18.89,335,25,19,12.5,12.5,cubica,original,70.png
208,70,0.63,111.7,8.06,5.67,31,7,5,12.5,12.5,cubica,redimensionado_30,70_30.png
209,70,3.45,260.64,18.8,13.23,178,17,13,12.5,12.5,cubica,redimensionado_70,70_70.png
210,71,4.63,273.34,24.73,16.95,237,21,18,12.5,12.5,cubica,original,71.png
211,71,0.42,82.0,7.42,5.09,26,6,5,12.5,12.5,cubica,redimensionado_30,71_30.png
212,71,2.27,191.34,17.31,11.87,125,14,12,12.5,12.5,cubica,redimensionado_70,71_70.png
213,72,6.99,359.73,26.54,19.44,320,24,19,12.5,12.5,cubica,original,72.png
214,72,0.63,107.92,7.96,5.83,32,7,5,12.5,12.5,cubica,redimensionado_30,72_30.png
215,72,3.43,251.81,18.58,13.61,169,16,13,12.5,12.5,cubica,redimensionado_70,72_70.png
216,73,7.8,380.21,25.06,20.51,339,22,22,12.5,12.5,cubica,original,73.png
217,73,0.7,114.06,7.52,6.15,34,6,6,12.5,12.5,cubica,redimensionado_30,73_30.png
218,73,3.82,266.15,17.54,14.36,182,15,15,12.5,12.5,cubica,redimensionado_70,73_70.png
219,74,3.84,228.42,20.06,16.8,199,18,18,12.5,12.5,cubica,original,74.png
220,74,0.35,68.52,6.02,5.04,23,5,5,12.5,12.5,cubica,redimensionado_30,74_30.png
221,74,1.88,159.89,14.04,11.76,108,12,12,12.5,12.5,cubica,redimensionado_70,74_70.png
222,75,4.58,296.2,26.76,15.45,258,25,14,12.5,9.5,cubica,original,75.png
223,75,0.41,88.86,8.03,4.64,27,7,4,12.5,9.5,cubica,redimensionado_30,75_30.png
224,75,2.24,207.34,18.73,10.82,132,17,9,12.5,9.5,cubica,redimensionado_70,75_70.png
225,76,5.75,303.34,24.75,18.97,274,23,19,12.5,12.5,cubica,original,76.png
226,76,0.52,91.0,7.43,5.69,26,6,5,12.5,12.5,cubica,redimensionado_30,76_30.png
227,76,2.82,212.34,17.33,13.28,153,16,13,12.5,12.5,cubica,redimensionado_70,76_70.png
228,77,4.24,247.92,20.0,17.11,218,16,19,12.5,12.5,cubica,original,77.png
229,77,0.38,74.38,6.0,5.13,20,4,5,12.5,12.5,cubica,redimensionado_30,77_30.png
230,77,2.08,173.54,14.0,11.98,119,11,13,12.5,12.5,cubica,redimensionado_70,77_70.png
231,78,2.82,204.33,20.98,13.82,184,16,19,12.5,9.5,cubica,original,78.png
232,78,0.25,61.3,6.29,4.15,19,4,5,12.5,9.5,cubica,redimensionado_30,78_30.png
233,78,1.38,143.03,14.68,9.68,106,11,13,12.5,9.5,cubica,redimensionado_70,78_70.png
234,79,6.28,345.17,25.09,18.2,303,23,18,12.5,12.5,cubica,original,79.png
235,79,0.57,103.55,7.53,5.46,28,6,5,12.5,12.5,cubica,redimensionado_30,79_30.png
236,79,3.08,241.62,17.56,12.74,161,16,12,12.5,12.5,cubica,redimensionado_70,79_70.png
237,80,10.3,455.03,30.02,22.64,393,28,21,12.5,12.5,cubica,original,80.png
238,80,0.93,136.51,9.0,6.79,42,8,6,12.5,12.5,cubica,redimensionado_30,80_30.png
239,80,5.05,318.52,21.01,15.85,209,19,14,12.5,12.5,cubica,redimensionado_70,80_70.png
240,81,3.44,228.69,19.36,15.04,210,17,17,12.5,9.5,cubica,original,81.png
241,81,0.31,68.61,5.81,4.51,24,5,5,12.5,9.5,cubica,redimensionado_30,81_30.png
242,81,1.69,160.08,13.55,10.53,103,11,11,12.5,9.5,cubica,redimensionado_70,81_70.png
243,82,3.88,240.63,20.31,16.11,212,18,18,12.5,12.5,cubica,original,82.png
244,82,0.35,72.19,6.09,4.83,23,5,5,12.5,12.5,cubica,redimensionado_30,82_30.png
245,82,1.9,168.44,14.22,11.28,116,12,12,12.5,12.5,cubica,redimensionado_70,82_70.png
246,83,5.55,300.91,22.44,18.45,274,19,18,12.5,12.5,cubica,original,83.png
247,83,0.5,90.27,6.73,5.53,25,5,5,12.5,12.5,cubica,redimensionado_30,83_30.png
248,83,2.72,210.64,15.71,12.91,142,13,12,12.5,12.5,cubica,redimensionado_70,83_70.png
249,84,4.65,325.47,29.16,14.29,303,27,14,12.5,9.5,alongada,original,84.png
250,84,0.42,97.64,8.75,4.29,31,8,4,12.5,9.5,alongada,redimensionado_30,84_30.png
251,84,2.28,227.83,20.41,10.0,146,18,9,12.5,9.5,alongada,redimensionado_70,84_70.png
252,85,5.34,297.56,21.52,17.93,257,20,17,12.5,12.5,cubica,original,85.png
253,85,0.48,89.27,6.46,5.38,30,6,5,12.5,12.5,cubica,redimensionado_30,85_30.png
254,85,2.61,208.29,15.06,12.55,135,14,11,12.5,12.5,cubica,redimensionado_70,85_70.png
255,86,5.02,323.41,30.22,15.52,294,28,15,12.5,9.5,cubica,original,86.png
256,86,0.45,97.02,9.07,4.66,30,8,4,12.5,9.5,cubica,redimensionado_30,86_30.png
257,86,2.46,226.39,21.16,10.86,156,19,10,12.5,9.5,cubica,redimensionado_70,86_70.png
258,87,6.22,328.82,22.82,18.92,281,20,21,12.5,12.5,cubica,original,87.png
259,87,0.56,98.65,6.85,5.68,33,6,6,12.5,12.5,cubica,redimensionado_30,87_30.png
260,87,3.05,230.17,15.97,13.25,152,14,14,12.5,12.5,cubica,redimensionado_70,87_70.png
261,88,4.8,268.59,20.35,17.88,235,17,18,12.5,12.5,cubica,original,88.png
262,88,0.43,80.58,6.1,5.36,25,5,5,12.5,12.5,cubica,redimensionado_30,88_30.png
263,88,2.35,188.01,14.24,12.52,116,11,12,12.5,12.5,cubica,redimensionado_70,88_70.png
264,89,3.43,214.83,18.14,15.97,191,17,16,12.5,12.5,cubica,original,89.png
265,89,0.31,64.45,5.44,4.79,19,5,4,12.5,12.5,cubica,redimensionado_30,89_30.png
266,89,1.68,150.38,12.69,11.18,100,11,11,12.5,12.5,cubica,redimensionado_70,89_70.png
267,90,4.85,283.32,22.03,17.12,250,20,17,12.5,12.5,cubica,original,90.png
268,90,0.44,85.0,6.61,5.14,28,6,5,12.5,12.5,cubica,redimensionado_30,90_30.png
269,90,2.38,198.32,15.42,11.98,132,14,11,12.5,12.5,cubica,redimensionado_70,90_70.png
270,91,7.11,349.2,23.56,20.37,318,20,20,12.5,12.5,cubica,original,91.png
271,91,0.64,104.76,7.07,6.11,35,6,6,12.5,12.5,cubica,redimensionado_30,91_30.png
272,91,3.49,244.44,16.49,14.26,175,14,14,12.5,12.5,cubica,redimensionado_70,91_70.png
273,92,3.72,229.89,20.24,16.17,201,18,15,12.5,12.5,cubica,original,92.png
274,92,0.33,68.97,6.07,4.85,20,5,4,12.5,12.5,cubica,redimensionado_30,92_30.png
275,92,1.82,160.92,14.17,11.32,104,12,10,12.5,12.5,cubica,redimensionado_70,92_70.png
276,93,4.59,280.42,22.95,16.38,244,19,19,12.5,12.5,cubica,original,93.png
277,93,0.41,84.13,6.89,4.91,22,5,5,12.5,12.5,cubica,redimensionado_30,93_30.png
278,93,2.25,196.3,16.07,11.47,134,13,13,12.5,12.5,cubica,redimensionado_70,93_70.png
279,94,5.22,281.79,22.71,18.53,243,19,18,12.5,12.5,cubica,original,94.png
280,94,0.47,84.54,6.81,5.56,23,5,5,12.5,12.5,cubica,redimensionado_30,94_30.png
281,94,2.56,197.25,15.9,12.97,130,13,12,12.5,12.5,cubica,redimensionado_70,94_70.png
282,95,6.52,353.8,27.28,18.44,309,25,17,12.5,12.5,cubica,original,95.png
283,95,0.59,106.14,8.18,5.53,34,7,5,12.5,12.5,cubica,redimensionado_30,95_30.png
284,95,3.2,247.66,19.1,12.91,156,17,11,12.5,12.5,cubica,redimensionado_70,95_70.png
285,96,7.17,356.74,24.31,20.09,321,22,21,12.5,12.5,cubica,original,96.png
286,96,0.65,107.02,7.29,6.03,32,6,6,12.5,12.5,cubica,redimensionado_30,96_30.png
287,96,3.51,249.72,17.02,14.06,166,15,14,12.5,12.5,cubica,redimensionado_70,96_70.png
288,97,4.33,251.09,21.16,17.26,219,16,20,12.5,12.5,cubica,original,97.png
289,97,0.39,75.33,6.35,5.18,22,4,6,12.5,12.5,cubica,redimensionado_30,97_30.png
290,97,2.12,175.76,14.81,12.08,124,11,14,12.5,12.5,cubica,redimensionado_70,97_70.png
291,98,9.54,438.04,27.08,21.78,405,24,23,12.5,12.5,cubica,original,98.png
292,98,0.86,131.41,8.12,6.53,38,7,6,12.5,12.5,cubica,redimensionado_30,98_30.png
293,98,4.68,306.63,18.96,15.25,211,16,16,12.5,12.5,cubica,redimensionado_70,98_70.png
294,99,6.25,367.43,31.58,17.0,328,25,21,12.5,12.5,cubica,original,99.png
295,99,0.56,110.23,9.47,5.1,35,7,6,12.5,12.5,cubica,redimensionado_30,99_30.png
296,99,3.06,257.2,22.11,11.9,176,17,14,12.5,12.5,cubica,redimensionado_70,99_70.png
297,100,3.45,227.43,19.78,15.18,203,14,17,12.5,9.5,cubica,original,100.png
298,100,0.31,68.23,5.93,4.55,20,4,5,12.5,9.5,cubica,redimensionado_30,100_30.png
299,100,1.69,159.2,13.84,10.63,95,9,11,12.5,9.5,cubica,redimensionado_70,100_70.png
300,101,5.49,294.38,23.19,18.64,257,19,20,12.5,12.5,cubica,original,101.png
301,101,0.49,88.31,6.96,5.59,28,5,6,12.5,12.5,cubica,redimensionado_30,101_30.png
302,101,2.69,206.06,16.24,13.05,141,13,14,12.5,12.5,cubica,redimensionado_70,101_70.png
303,102,3.85,255.6,21.79,15.08,217,20,16,12.5,9.5,cubica,original,102.png
304,102,0.35,76.68,6.54,4.53,23,6,4,12.5,9.5,cubica,redimensionado_30,102_30.png
305,102,1.89,178.92,15.26,10.56,124,14,11,12.5,9.5,cubica,redimensionado_70,102_70.png
306,103,3.9,265.39,22.16,14.7,235,19,18,12.5,9.5,cubica,original,103.png
307,103,0.35,79.62,6.65,4.41,23,5,5,12.5,9.5,cubica,redimensionado_30,103_30.png
308,103,1.91,185.77,15.51,10.29,127,13,12,12.5,9.5,cubica,redimensionado_70,103_70.png
309,104,6.55,345.45,26.85,18.96,314,25,18,12.5,12.5,cubica,original,104.png
310,104,0.59,103.63,8.05,5.69,32,7,5,12.5,12.5,cubica,redimensionado_30,104_30.png
311,104,3.21,241.81,18.79,13.28,164,17,12,12.5,12.5,cubica,redimensionado_70,104_70.png
312,105,4.53,273.97,22.87,16.53,239,21,16,12.5,12.5,cubica,original,105.png
313,105,0.41,82.19,6.86,4.96,23,6,4,12.5,12.5,cubica,redimensionado_30,105_30.png
314,105,2.22,191.78,16.01,11.57,128,14,11,12.5,12.5,cubica,redimensionado_70,105_70.png
315,106,4.91,291.66,23.43,16.84,257,20,18,12.5,12.5,cubica,original,106.png
316,106,0.44,87.5,7.03,5.05,30,6,5,12.5,12.5,cubica,redimensionado_30,106_30.png
317,106,2.41,204.16,16.4,11.79,141,14,12,12.5,12.5,cubica,redimensionado_70,106_70.png
318,107,7.2,385.25,25.25,18.7,345,24,18,12.5,12.5,cubica,original,107.png
319,107,0.65,115.58,7.58,5.61,35,7,5,12.5,12.5,cubica,redimensionado_30,107_30.png
320,107,3.53,269.68,17.68,13.09,175,16,12,12.5,12.5,cubica,redimensionado_70,107_70.png
321,108,4.75,288.14,24.08,16.48,244,22,17,12.5,12.5,cubica,original,108.png
322,108,0.43,86.44,7.22,4.95,26,6,5,12.5,12.5,cubica,redimensionado_30,108_30.png
323,108,2.33,201.7,16.86,11.54,129,15,11,12.5,12.5,cubica,redimensionado_70,108_70.png
324,109,8.7,412.71,27.28,21.09,372,23,21,12.5,12.5,cubica,original,109.png
325,109,0.78,123.81,8.18,6.33,35,6,6,12.5,12.5,cubica,redimensionado_30,109_30.png
326,109,4.27,288.9,19.1,14.77,197,16,14,12.5,12.5,cubica,redimensionado_70,109_70.png
327,110,4.76,289.97,23.99,16.42,250,21,15,12.5,12.5,cubica,original,110.png
328,110,0.43,86.99,7.2,4.93,24,6,4,12.5,12.5,cubica,redimensionado_30,110_30.png
329,110,2.33,202.98,16.8,11.49,127,14,10,12.5,12.5,cubica,redimensionado_70,110_70.png
330,111,3.3,213.39,18.09,15.45,194,17,16,12.5,9.5,cubica,original,111.png
331,111,0.3,64.02,5.43,4.64,19,5,4,12.5,9.5,cubica,redimensionado_30,111_30.png
332,111,1.62,149.37,12.66,10.82,101,11,11,12.5,9.5,cubica,redimensionado_70,111_70.png
333,112,4.06,241.14,19.32,16.85,210,17,16,12.5,12.5,cubica,original,112.png
334,112,0.37,72.34,5.8,5.06,20,5,4,12.5,12.5,cubica,redimensionado_30,112_30.png
335,112,1.99,168.8,13.52,11.8,109,11,11,12.5,12.5,cubica,redimensionado_70,112_70.png
336,113,6.16,374.54,30.32,16.45,325,22,25,12.5,12.5,cubica,original,113.png
337,113,0.55,112.36,9.1,4.93,35,6,7,12.5,12.5,cubica,redimensionado_30,113_30.png
338,113,3.02,262.18,21.22,11.51,177,15,17,12.5,12.5,cubica,redimensionado_70,113_70.png
339,114,13.32,577.67,34.16,23.06,512,25,30,12.5,12.5,cubica,original,114.png
340,114,1.2,173.3,10.25,6.92,55,7,9,12.5,12.5,cubica,redimensionado_30,114_30.png
341,114,6.53,404.37,23.91,16.14,279,17,21,12.5,12.5,cubica,redimensionado_70,114_70.png
342,115,3.35,217.18,19.87,15.42,190,14,18,12.5,9.5,cubica,original,115.png
343,115,0.3,65.15,5.96,4.63,19,4,5,12.5,9.5,cubica,redimensionado_30,115_30.png
344,115,1.64,152.03,13.91,10.8,94,9,12,12.5,9.5,cubica,redimensionado_70,115_70.png
345,116,5.48,297.26,22.81,18.43,259,19,18,12.5,12.5,cubica,original,116.png
346,116,0.49,89.18,6.84,5.53,25,5,5,12.5,12.5,cubica,redimensionado_30,116_30.png
347,116,2.68,208.08,15.97,12.9,137,13,12,12.5,12.5,cubica,redimensionado_70,116_70.png
348,117,4.97,266.81,23.37,18.61,236,19,20,12.5,12.5,cubica,original,117.png
349,117,0.45,80.04,7.01,5.58,26,5,6,12.5,12.5,cubica,redimensionado_30,117_30.png
350,117,2.43,186.77,16.36,13.03,135,13,14,12.5,12.5,cubica,redimensionado_70,117_70.png
351,118,8.52,392.65,24.13,21.69,350,22,21,12.5,12.5,cubica,original,118.png
352,118,0.77,117.79,7.24,6.51,35,6,6,12.5,12.5,cubica,redimensionado_30,118_30.png
353,118,4.17,274.85,16.89,15.18,184,15,14,12.5,12.5,cubica,redimensionado_70,118_70.png
354,119,5.85,308.26,21.82,18.98,263,18,20,12.5,12.5,cubica,original,119.png
355,119,0.53,92.48,6.55,5.69,29,5,6,12.5,12.5,cubica,redimensionado_30,119_30.png
356,119,2.87,215.78,15.28,13.28,140,12,14,12.5,12.5,cubica,redimensionado_70,119_70.png
357,120,10.26,451.98,27.56,22.7,415,24,24,12.5,12.5,cubica,original,120.png
358,120,0.92,135.59,8.27,6.81,46,7,7,12.5,12.5,cubica,redimensionado_30,120_30.png
359,120,5.03,316.38,19.3,15.89,213,16,16,12.5,12.5,cubica,redimensionado_70,120_70.png
360,121,2.56,193.86,18.68,13.21,141,12,17,9.5,9.5,cubica,original,121.png
361,121,0.23,58.16,5.6,3.96,14,3,5,9.5,9.5,cubica,redimensionado_30,121_30.png
362,121,1.26,135.7,13.08,9.25,74,8,11,9.5,9.5,cubica,redimensionado_70,121_70.png
363,122,2.17,166.16,19.21,13.07,167,12,17,9.5,9.5,cubica,original,122.png
364,122,0.2,49.85,5.76,3.92,15,3,5,9.5,9.5,cubica,redimensionado_30,122_30.png
365,122,1.06,116.31,13.45,9.15,83,8,11,9.5,9.5,cubica,redimensionado_70,122_70.png
366,123,2.4,199.43,20.96,12.01,186,13,19,9.5,9.5,cubica,original,123.png
367,123,0.22,59.83,6.29,3.6,15,3,5,9.5,9.5,cubica,redimensionado_30,123_30.png
368,123,1.17,139.6,14.67,8.41,103,9,13,9.5,9.5,cubica,redimensionado_70,123_70.png
369,124,3.24,213.48,18.45,15.2,188,15,16,9.5,9.5,cubica,original,124.png
370,124,0.29,64.04,5.53,4.56,16,4,4,9.5,9.5,cubica,redimensionado_30,124_30.png
371,124,1.59,149.43,12.91,10.64,100,10,11,9.5,9.5,cubica,redimensionado_70,124_70.png
372,125,3.37,254.0,23.33,13.28,222,20,18,9.5,9.5,cubica,original,125.png
373,125,0.3,76.2,7.0,3.98,25,6,5,9.5,9.5,cubica,redimensionado_30,125_30.png
374,125,1.65,177.8,16.33,9.29,123,14,12,9.5,9.5,cubica,redimensionado_70,125_70.png
375,126,2.65,179.41,17.46,14.75,158,15,15,9.5,9.5,cubica,original,126.png
376,126,0.24,53.82,5.24,4.42,15,4,4,9.5,9.5,cubica,redimensionado_30,126_30.png
377,126,1.3,125.59,12.22,10.32,85,10,10,9.5,9.5,cubica,redimensionado_70,126_70.png
378,127,1.73,137.14,16.36,12.58,124,13,15,9.5,9.5,cubica,original,127.png
379,127,0.16,41.14,4.91,3.77,12,3,4,9.5,9.5,cubica,redimensionado_30,127_30.png
380,127,0.84,96.0,11.45,8.8,71,9,10,9.5,9.5,cubica,redimensionado_70,127_70.png
381,128,2.46,178.83,17.74,13.74,162,15,16,9.5,9.5,cubica,original,128.png
382,128,0.22,53.65,5.32,4.12,16,4,4,9.5,9.5,cubica,redimensionado_30,128_30.png
383,128,1.2,125.18,12.42,9.62,90,10,11,9.5,9.5,cubica,redimensionado_70,128_70.png
384,129,2.16,159.14,17.67,13.56,144,13,16,9.5,9.5,cubica,original,129.png
385,129,0.19,47.74,5.3,4.07,12,3,4,9.5,9.5,cubica,redimensionado_30,129_30.png
386,129,1.06,111.4,12.37,9.49,81,9,11,9.5,9.5,cubica,redimensionado_70,129_70.png
387,130,1.73,143.71,15.78,12.06,128,13,13,9.5,9.5,cubica,original,130.png
388,130,0.16,43.11,4.73,3.62,9,3,3,9.5,9.5,cubica,redimensionado_30,130_30.png
389,130,0.85,100.6,11.05,8.44,72,9,9,9.5,9.5,cubica,redimensionado_70,130_70.png
390,131,3.57,246.39,25.16,14.47,208,16,22,9.5,9.5,cubica,original,131.png
391,131,0.32,73.92,7.55,4.34,21,4,6,9.5,9.5,cubica,redimensionado_30,131_30.png
392,131,1.75,172.47,17.61,10.13,118,11,15,9.5,9.5,cubica,redimensionado_70,131_70.png
393,132,4.54,298.65,25.52,15.19,271,19,24,9.5,9.5,cubica,original,132.png
394,132,0.41,89.59,7.66,4.56,29,5,7,9.5,9.5,cubica,redimensionado_30,132_30.png
395,132,2.22,209.05,17.87,10.63,147,13,16,9.5,9.5,cubica,redimensionado_70,132_70.png
396,133,5.33,355.16,31.28,15.02,321,27,19,9.5,9.5,alongada,original,133.png
397,133,0.48,106.55,9.38,4.51,34,8,5,9.5,9.5,alongada,redimensionado_30,133_30.png
398,133,2.62,248.61,21.9,10.52,171,18,13,9.5,9.5,alongada,redimensionado_70,133_70.png
399,134,2.93,207.76,22.86,14.12,177,13,19,9.5,9.5,cubica,original,134.png
400,134,0.26,62.33,6.86,4.24,14,3,5,9.5,9.5,cubica,redimensionado_30,134_30.png
401,134,1.44,145.43,16.0,9.89,97,9,13,9.5,9.5,cubica,redimensionado_70,134_70.png
402,135,2.96,214.52,21.37,13.78,191,13,18,9.5,9.5,cubica,original,135.png
403,135,0.27,64.35,6.41,4.13,15,3,5,9.5,9.5,cubica,redimensionado_30,135_30.png
404,135,1.45,150.16,14.96,9.65,103,9,12,9.5,9.5,cubica,redimensionado_70,135_70.png
405,136,3.8,257.59,22.77,14.77,240,20,18,9.5,9.5,cubica,original,136.png
406,136,0.34,77.28,6.83,4.43,27,6,5,9.5,9.5,cubica,redimensionado_30,136_30.png
407,136,1.86,180.31,15.94,10.34,130,14,12,9.5,9.5,cubica,redimensionado_70,136_70.png
408,137,4.13,292.32,27.86,14.14,261,18,22,9.5,9.5,cubica,original,137.png
409,137,0.37,87.7,8.36,4.24,25,5,6,9.5,9.5,cubica,redimensionado_30,137_30.png
410,137,2.03,204.63,19.5,9.9,138,12,15,9.5,9.5,cubica,redimensionado_70,137_70.png
411,138,1.56,145.58,18.58,10.73,129,12,16,9.5,6.3,cubica,original,138.png
412,138,0.14,43.67,5.58,3.22,12,3,4,9.5,6.3,cubica,redimensionado_30,138_30.png
413,138,0.77,101.91,13.01,7.51,73,8,11,9.5,6.3,cubica,redimensionado_70,138_70.png
414,139,2.02,165.58,18.52,12.18,148,14,16,9.5,9.5,cubica,original,139.png
415,139,0.18,49.67,5.55,3.65,15,4,4,9.5,9.5,cubica,redimensionado_30,139_30.png
416,139,0.99,115.9,12.96,8.52,81,9,11,9.5,9.5,cubica,redimensionado_70,139_70.png
417,140,2.4,168.05,16.84,14.3,149,15,15,9.5,9.5,cubica,original,140.png
418,140,0.22,50.41,5.05,4.29,16,4,4,9.5,9.5,cubica,redimensionado_30,140_30.png
419,140,1.18,117.63,11.79,10.01,82,10,10,9.5,9.5,cubica,redimensionado_70,140_70.png
420,141,3.09,220.91,21.55,13.97,187,16,18,9.5,9.5,cubica,original,141.png
421,141,0.28,66.27,6.46,4.19,19,4,5,9.5,9.5,cubica,redimensionado_30,141_30.png
422,141,1.51,154.64,15.08,9.78,103,11,12,9.5,9.5,cubica,redimensionado_70,141_70.png
423,142,3.3,213.49,19.18,15.46,185,15,16,9.5,9.5,cubica,original,142.png
424,142,0.3,64.05,5.75,4.64,16,4,4,9.5,9.5,cubica,redimensionado_30,142_30.png
425,142,1.62,149.44,13.42,10.82,99,10,11,9.5,9.5,cubica,redimensionado_70,142_70.png
426,143,3.35,221.62,20.61,15.12,191,15,19,9.5,9.5,cubica,original,143.png
427,143,0.3,66.49,6.18,4.53,20,4,5,9.5,9.5,cubica,redimensionado_30,143_30.png
428,143,1.64,155.13,14.43,10.58,106,10,13,9.5,9.5,cubica,redimensionado_70,143_70.png
429,144,3.12,230.76,23.89,13.51,204,20,15,9.5,9.5,cubica,original,144.png
430,144,0.28,69.23,7.17,4.05,22,6,4,9.5,9.5,cubica,redimensionado_30,144_30.png
431,144,1.53,161.53,16.72,9.46,111,14,10,9.5,9.5,cubica,redimensionado_70,144_70.png
432,145,2.01,159.99,18.08,12.55,132,15,14,9.5,9.5,cubica,original,145.png
433,145,0.18,48.0,5.43,3.76,15,4,4,9.5,9.5,cubica,redimensionado_30,145_30.png
434,145,0.98,112.0,12.66,8.78,72,10,9,9.5,9.5,cubica,redimensionado_70,145_70.png
435,146,2.4,169.24,17.85,14.2,153,14,15,9.5,9.5,cubica,original,146.png
436,146,0.22,50.77,5.35,4.26,15,4,4,9.5,9.5,cubica,redimensionado_30,146_30.png
437,146,1.18,118.47,12.49,9.94,77,9,10,9.5,9.5,cubica,redimensionado_70,146_70.png
438,147,2.12,167.14,21.24,12.7,143,15,14,9.5,9.5,cubica,original,147.png
439,147,0.19,50.14,6.37,3.81,16,4,4,9.5,9.5,cubica,redimensionado_30,147_30.png
440,147,1.04,117.0,14.86,8.89,73,10,9,9.5,9.5,cubica,redimensionado_70,147_70.png
441,148,1.53,143.3,20.36,10.66,128,16,13,9.5,6.3,cubica,original,148.png
442,148,0.14,42.99,6.11,3.2,11,4,3,9.5,6.3,cubica,redimensionado_30,148_30.png
443,148,0.75,100.31,14.25,7.46,73,11,9,9.5,6.3,cubica,redimensionado_70,148_70.png
444,149,2.41,177.91,17.0,13.52,166,13,14,9.5,9.5,cubica,original,149.png
445,149,0.22,53.37,5.1,4.06,12,3,4,9.5,9.5,cubica,redimensionado_30,149_30.png
446,149,1.18,124.54,11.9,9.46,81,9,9,9.5,9.5,cubica,redimensionado_70,149_70.png
447,150,2.52,195.06,19.66,12.93,173,17,13,9.5,9.5,cubica,original,150.png
448,150,0.23,58.52,5.9,3.88,15,5,3,9.5,9.5,cubica,redimensionado_30,150_30.png
449,150,1.24,136.54,13.76,9.05,91,11,9,9.5,9.5,cubica,redimensionado_70,150_70.png
450,151,2.49,180.92,18.92,13.75,160,14,17,9.5,9.5,cubica,original,151.png
451,151,0.22,54.28,5.68,4.12,19,4,5,9.5,9.5,cubica,redimensionado_30,151_30.png
452,151,1.22,126.64,13.25,9.62,83,9,11,9.5,9.5,cubica,redimensionado_70,151_70.png
453,152,2.28,177.96,18.35,12.79,172,15,16,9.5,9.5,cubica,original,152.png
454,152,0.21,53.39,5.5,3.84,15,4,4,9.5,9.5,cubica,redimensionado_30,152_30.png
455,152,1.11,124.57,12.84,8.95,94,10,11,9.5,9.5,cubica,redimensionado_70,152_70.png
456,153,2.81,193.47,19.44,14.52,159,16,15,9.5,9.5,cubica,original,153.png
457,153,0.25,58.04,5.83,4.36,16,4,4,9.5,9.5,cubica,redimensionado_30,153_30.png
458,153,1.38,135.43,13.61,10.17,85,11,10,9.5,9.5,cubica,redimensionado_70,153_70.png
459,154,2.18,191.41,22.86,11.4,228,17,19,9.5,6.3,alongada,original,154.png
460,154,0.2,57.42,6.86,3.42,23,5,5,9.5,6.3,alongada,redimensionado_30,154_30.png
461,154,1.07,133.98,16.0,7.98,118,11,13,9.5,6.3,alongada,redimensionado_70,154_70.png
462,155,4.01,249.36,20.19,16.08,161,16,19,9.5,12.5,cubica,original,155.png
463,155,0.36,74.81,6.06,4.82,17,4,5,9.5,12.5,cubica,redimensionado_30,155_30.png
464,155,1.97,174.55,14.13,11.26,96,11,13,9.5,12.5,cubica,redimensionado_70,155_70.png
465,156,2.88,193.46,17.48,14.89,171,15,16,9.5,9.5,cubica,original,156.png
466,156,0.26,58.04,5.25,4.47,16,4,4,9.5,9.5,cubica,redimensionado_30,156_30.png
467,156,1.41,135.42,12.24,10.42,95,10,11,9.5,9.5,cubica,redimensionado_70,156_70.png
468,157,3.88,249.5,24.0,15.57,210,22,15,9.5,9.5,cubica,original,157.png
469,157,0.35,74.85,7.2,4.67,23,6,4,9.5,9.5,cubica,redimensionado_30,157_30.png
470,157,1.9,174.65,16.8,10.9,114,15,10,9.5,9.5,cubica,redimensionado_70,157_70.png
471,158,1.43,125.83,15.06,11.36,143,14,14,9.5,6.3,cubica,original,158.png
472,158,0.13,37.75,4.52,3.41,16,4,4,9.5,6.3,cubica,redimensionado_30,158_30.png
473,158,0.7,88.08,10.54,7.95,72,9,9,9.5,6.3,cubica,redimensionado_70,158_70.png
474,159,2.05,161.72,17.83,12.67,108,12,13,9.5,9.5,cubica,original,159.png
475,159,0.18,48.52,5.35,3.8,9,3,3,9.5,9.5,cubica,redimensionado_30,159_30.png
476,159,1.0,113.2,12.48,8.87,62,8,9,9.5,9.5,cubica,redimensionado_70,159_70.png
477,160,1.88,164.41,22.06,11.43,148,19,12,9.5,6.3,cubica,original,160.png
478,160,0.17,49.32,6.62,3.43,14,5,3,9.5,6.3,cubica,redimensionado_30,160_30.png
479,160,0.92,115.09,15.44,8.0,81,13,8,9.5,6.3,cubica,redimensionado_70,160_70.png
480,161,2.46,192.16,20.66,12.78,169,15,18,9.5,9.5,cubica,original,161.png
481,161,0.22,57.65,6.2,3.83,18,4,5,9.5,9.5,cubica,redimensionado_30,161_30.png
482,161,1.2,134.51,14.47,8.95,91,10,12,9.5,9.5,cubica,redimensionado_70,161_70.png
483,162,4.8,302.5,26.2,15.88,275,23,15,9.5,12.5,cubica,original,162.png
484,162,0.43,90.75,7.86,4.76,24,6,4,9.5,12.5,cubica,redimensionado_30,162_30.png
485,162,2.35,211.75,18.34,11.12,141,16,10,9.5,12.5,cubica,redimensionado_70,162_70.png
486,163,3.89,236.75,20.43,16.43,213,17,17,9.5,12.5,cubica,original,163.png
487,163,0.35,71.03,6.13,4.93,24,5,5,9.5,12.5,cubica,redimensionado_30,163_30.png
488,163,1.91,165.73,14.3,11.5,105,11,11,9.5,12.5,cubica,redimensionado_70,163_70.png
489,164,2.28,189.21,19.07,12.07,167,15,17,9.5,9.5,cubica,original,164.png
490,164,0.21,56.76,5.72,3.62,19,4,5,9.5,9.5,cubica,redimensionado_30,164_30.png
491,164,1.12,132.45,13.35,8.45,89,10,11,9.5,9.5,cubica,redimensionado_70,164_70.png
492,165,2.49,186.18,18.84,13.36,155,17,14,9.5,9.5,cubica,original,165.png
493,165,0.22,55.86,5.65,4.01,19,5,4,9.5,9.5,cubica,redimensionado_30,165_30.png
494,165,1.22,130.33,13.19,9.35,81,11,9,9.5,9.5,cubica,redimensionado_70,165_70.png
495,166,2.32,162.5,16.05,14.3,144,14,14,9.5,9.5,cubica,original,166.png
496,166,0.21,48.75,4.82,4.29,16,4,4,9.5,9.5,cubica,redimensionado_30,166_30.png
497,166,1.14,113.75,11.24,10.01,71,9,9,9.5,9.5,cubica,redimensionado_70,166_70.png
498,167,2.41,194.96,22.31,12.35,165,20,14,9.5,9.5,cubica,original,167.png
499,167,0.22,58.49,6.69,3.71,21,6,4,9.5,9.5,cubica,redimensionado_30,167_30.png
500,167,1.18,136.47,15.62,8.65,90,14,9,9.5,9.5,cubica,redimensionado_70,167_70.png
501,168,2.53,183.67,18.02,13.78,161,15,15,9.5,9.5,cubica,original,168.png
502,168,0.23,55.1,5.41,4.13,15,4,4,9.5,9.5,cubica,redimensionado_30,168_30.png
503,168,1.24,128.57,12.62,9.64,84,10,10,9.5,9.5,cubica,redimensionado_70,168_70.png
504,169,1.85,145.52,15.11,12.69,135,14,14,9.5,9.5,cubica,original,169.png
505,169,0.17,43.66,4.53,3.81,15,4,4,9.5,9.5,cubica,redimensionado_30,169_30.png
506,169,0.9,101.86,10.58,8.88,70,9,9,9.5,9.5,cubica,redimensionado_70,169_70.png
507,170,2.9,208.78,21.34,13.87,179,17,16,9.5,9.5,cubica,original,170.png
508,170,0.26,62.63,6.4,4.16,18,5,4,9.5,9.5,cubica,redimensionado_30,170_30.png
509,170,1.42,146.15,14.94,9.71,94,11,11,9.5,9.5,cubica,redimensionado_70,170_70.png
510,171,3.72,256.08,22.14,14.51,228,21,17,9.5,9.5,cubica,original,171.png
511,171,0.33,76.82,6.64,4.35,27,6,5,9.5,9.5,cubica,redimensionado_30,171_30.png
512,171,1.82,179.26,15.5,10.16,119,14,11,9.5,9.5,cubica,redimensionado_70,171_70.png
513,172,2.33,176.79,17.19,13.16,129,15,14,9.5,9.5,cubica,original,172.png
514,172,0.21,53.04,5.16,3.95,15,4,4,9.5,9.5,cubica,redimensionado_30,172_30.png
515,172,1.14,123.75,12.04,9.21,71,10,9,9.5,9.5,cubica,redimensionado_70,172_70.png
516,173,1.82,154.48,17.02,11.79,155,13,16,9.5,6.3,cubica,original,173.png
517,173,0.16,46.34,5.11,3.54,12,3,4,9.5,6.3,cubica,redimensionado_30,173_30.png
518,173,0.89,108.13,11.91,8.25,88,9,11,9.5,6.3,cubica,redimensionado_70,173_70.png
519,174,2.21,153.36,15.91,14.38,133,14,13,9.5,9.5,cubica,original,174.png
520,174,0.2,46.01,4.77,4.31,12,4,3,9.5,9.5,cubica,redimensionado_30,174_30.png
521,174,1.08,107.35,11.14,10.06,69,9,9,9.5,9.5,cubica,redimensionado_70,174_70.png
522,175,2.42,179.12,20.85,13.52,162,15,15,9.5,9.5,cubica,original,175.png
523,175,0.22,53.73,6.25,4.06,15,4,4,9.5,9.5,cubica,redimensionado_30,175_30.png
524,175,1.19,125.38,14.59,9.46,84,10,10,9.5,9.5,cubica,redimensionado_70,175_70.png
525,176,2.95,191.07,17.49,15.42,169,15,16,9.5,9.5,cubica,original,176.png
526,176,0.27,57.32,5.25,4.63,15,4,4,9.5,9.5,cubica,redimensionado_30,176_30.png
527,176,1.44,133.75,12.24,10.79,93,10,11,9.5,9.5,cubica,redimensionado_70,176_70.png
528,177,2.68,186.83,18.62,14.32,168,13,16,9.5,9.5,cubica,original,177.png
529,177,0.24,56.05,5.59,4.3,12,3,4,9.5,9.5,cubica,redimensionado_30,177_30.png
530,177,1.31,130.78,13.03,10.02,90,9,11,9.5,9.5,cubica,redimensionado_70,177_70.png
531,178,2.52,189.83,18.88,13.3,160,14,17,9.5,9.5,cubica,original,178.png
532,178,0.23,56.95,5.66,3.99,19,4,5,9.5,9.5,cubica,redimensionado_30,178_30.png
533,178,1.24,132.88,13.22,9.31,81,9,11,9.5,9.5,cubica,redimensionado_70,178_70.png
534,179,2.5,185.88,18.82,13.46,154,16,12,9.5,9.5,cubica,original,179.png
535,179,0.23,55.76,5.65,4.04,12,4,3,9.5,9.5,cubica,redimensionado_30,179_30.png
536,179,1.23,130.12,13.17,9.42,82,11,8,9.5,9.5,cubica,redimensionado_70,179_70.png
537,180,1.86,151.31,17.66,12.32,136,12,15,9.5,9.5,cubica,original,180.png
538,180,0.17,45.39,5.3,3.7,11,3,4,9.5,9.5,cubica,redimensionado_30,180_30.png
539,180,0.91,105.92,12.36,8.62,70,8,10,9.5,9.5,cubica,redimensionado_70,180_70.png
540,181,3.65,256.18,25.2,14.25,230,16,22,9.5,9.5,cubica,original,181.png
541,181,0.33,76.85,7.56,4.27,22,4,6,9.5,9.5,cubica,redimensionado_30,181_30.png
542,181,1.79,179.32,17.64,9.97,125,11,15,9.5,9.5,cubica,redimensionado_70,181_70.png
543,182,2.06,154.97,16.76,13.32,142,14,16,9.5,9.5,cubica,original,182.png
544,182,0.19,46.49,5.03,4.0,15,4,4,9.5,9.5,cubica,redimensionado_30,182_30.png
545,182,1.01,108.48,11.73,9.32,79,9,11,9.5,9.5,cubica,redimensionado_70,182_70.png
546,183,2.99,199.82,17.98,14.96,141,14,15,9.5,9.5,cubica,original,183.png
547,183,0.27,59.95,5.39,4.49,15,4,4,9.5,9.5,cubica,redimensionado_30,183_30.png
548,183,1.46,139.87,12.58,10.47,73,9,10,9.5,9.5,cubica,redimensionado_70,183_70.png
549,184,1.71,155.18,18.73,11.03,170,16,14,9.5,6.3,cubica,original,184.png
550,184,0.15,46.55,5.62,3.31,16,4,4,9.5,6.3,cubica,redimensionado_30,184_30.png
551,184,0.84,108.62,13.11,7.72,90,11,9,9.5,6.3,cubica,redimensionado_70,184_70.png
552,185,3.03,212.08,19.22,14.3,187,17,16,9.5,9.5,cubica,original,185.png
553,185,0.27,63.62,5.77,4.29,20,5,4,9.5,9.5,cubica,redimensionado_30,185_30.png
554,185,1.49,148.46,13.45,10.01,99,11,11,9.5,9.5,cubica,redimensionado_70,185_70.png
555,186,4.17,283.3,24.25,14.73,250,22,15,9.5,9.5,cubica,original,186.png
556,186,0.38,84.99,7.27,4.42,24,6,4,9.5,9.5,cubica,redimensionado_30,186_30.png
557,186,2.04,198.31,16.97,10.31,132,15,10,9.5,9.5,cubica,redimensionado_70,186_70.png
558,187,2.44,183.66,19.98,13.27,162,14,16,9.5,9.5,cubica,original,187.png
559,187,0.22,55.1,5.99,3.98,15,4,4,9.5,9.5,cubica,redimensionado_30,187_30.png
560,187,1.19,128.56,13.98,9.29,86,9,11,9.5,9.5,cubica,redimensionado_70,187_70.png
561,188,2.32,165.86,16.74,14.01,139,13,13,9.5,9.5,cubica,original,188.png
562,188,0.21,49.76,5.02,4.2,9,3,3,9.5,9.5,cubica,redimensionado_30,188_30.png
563,188,1.14,116.1,11.72,9.8,78,9,9,9.5,9.5,cubica,redimensionado_70,188_70.png
564,189,2.83,193.92,16.95,14.57,174,14,15,9.5,9.5,cubica,original,189.png
565,189,0.25,58.18,5.08,4.37,16,4,4,9.5,9.5,cubica,redimensionado_30,189_30.png
566,189,1.38,135.74,11.86,10.2,84,9,10,9.5,9.5,cubica,redimensionado_70,189_70.png
567,190,1.34,116.84,14.45,11.48,101,11,11,9.5,6.3,cubica,original,190.png
568,190,0.12,35.05,4.33,3.44,9,3,3,9.5,6.3,cubica,redimensionado_30,190_30.png
569,190,0.66,81.78,10.11,8.04,47,7,7,9.5,6.3,cubica,redimensionado_70,190_70.png
570,191,3.01,193.89,18.41,15.53,168,15,15,9.5,9.5,cubica,original,191.png
571,191,0.27,58.17,5.52,4.66,16,4,4,9.5,9.5,cubica,redimensionado_30,191_30.png
572,191,1.48,135.72,12.89,10.87,88,10,10,9.5,9.5,cubica,redimensionado_70,191_70.png
573,192,4.19,246.42,19.72,17.01,216,17,17,9.5,12.5,cubica,original,192.png
574,192,0.38,73.93,5.92,5.1,25,5,5,9.5,12.5,cubica,redimensionado_30,192_30.png
575,192,2.05,172.49,13.81,11.91,105,11,11,9.5,12.5,cubica,redimensionado_70,192_70.png
576,193,3.14,216.72,19.11,14.48,186,15,19,9.5,9.5,cubica,original,193.png
577,193,0.28,65.02,5.73,4.34,20,4,5,9.5,9.5,cubica,redimensionado_30,193_30.png
578,193,1.54,151.71,13.37,10.14,106,10,13,9.5,9.5,cubica,redimensionado_70,193_70.png
579,194,2.8,211.48,20.75,13.26,184,16,17,9.5,9.5,cubica,original,194.png
580,194,0.25,63.44,6.22,3.98,19,4,5,9.5,9.5,cubica,redimensionado_30,194_30.png
581,194,1.37,148.04,14.52,9.28,97,11,11,9.5,9.5,cubica,redimensionado_70,194_70.png
582,195,1.75,149.29,19.14,11.73,129,14,15,9.5,6.3,cubica,original,195.png
583,195,0.16,44.79,5.74,3.52,15,4,4,9.5,6.3,cubica,redimensionado_30,195_30.png
584,195,0.86,104.5,13.4,8.21,71,9,10,9.5,6.3,cubica,redimensionado_70,195_70.png
585,196,2.73,190.57,18.33,14.32,163,13,17,9.5,9.5,cubica,original,196.png
586,196,0.25,57.17,5.5,4.3,15,3,5,9.5,9.5,cubica,redimensionado_30,196_30.png
587,196,1.34,133.4,12.83,10.03,88,9,11,9.5,9.5,cubica,redimensionado_70,196_70.png
588,197,3.75,246.4,22.34,15.22,219,21,15,9.5,9.5,cubica,original,197.png
589,197,0.34,73.92,6.7,4.57,23,6,4,9.5,9.5,cubica,redimensionado_30,197_30.png
590,197,1.84,172.48,15.64,10.66,116,14,10,9.5,9.5,cubica,redimensionado_70,197_70.png
591,198,3.01,230.26,22.39,13.08,211,20,15,9.5,9.5,cubica,original,198.png
592,198,0.27,69.08,6.72,3.92,23,6,4,9.5,9.5,cubica,redimensionado_30,198_30.png
593,198,1.47,161.18,15.67,9.15,116,14,10,9.5,9.5,cubica,redimensionado_70,198_70.png
594,199,1.74,148.86,16.6,11.7,141,15,12,9.5,6.3,cubica,original,199.png
595,199,0.16,44.66,4.98,3.51,12,4,3,9.5,6.3,cubica,redimensionado_30,199_30.png
596,199,0.85,104.2,11.62,8.19,75,10,8,9.5,6.3,cubica,redimensionado_70,199_70.png
597,200,3.08,208.58,19.11,14.75,181,17,14,9.5,9.5,cubica,original,200.png
598,200,0.28,62.57,5.73,4.42,20,5,4,9.5,9.5,cubica,redimensionado_30,200_30.png
599,200,1.51,146.01,13.37,10.32,89,11,9,9.5,9.5,cubica,redimensionado_70,200_70.png
600,201,3.61,221.03,19.02,16.32,190,15,17,9.5,12.5,cubica,original,201.png
601,201,0.32,66.31,5.71,4.9,20,4,5,9.5,12.5,cubica,redimensionado_30,201_30.png
602,201,1.77,154.72,13.32,11.43,98,10,11,9.5,12.5,cubica,redimensionado_70,201_70.png
603,202,3.86,253.7,21.38,15.22,229,18,20,9.5,9.5,cubica,original,202.png
604,202,0.35,76.11,6.41,4.56,27,5,6,9.5,9.5,cubica,redimensionado_30,202_30.png
605,202,1.89,177.59,14.97,10.65,129,12,14,9.5,9.5,cubica,redimensionado_70,202_70.png
606,203,2.21,169.6,19.02,13.02,146,16,14,9.5,9.5,cubica,original,203.png
607,203,0.2,50.88,5.71,3.91,15,4,4,9.5,9.5,cubica,redimensionado_30,203_30.png
608,203,1.08,118.72,13.32,9.12,79,11,9,9.5,9.5,cubica,redimensionado_70,203_70.png
609,204,1.75,148.7,17.48,11.76,130,14,12,9.5,6.3,cubica,original,204.png
610,204,0.16,44.61,5.25,3.53,12,4,3,9.5,6.3,cubica,redimensionado_30,204_30.png
611,204,0.86,104.09,12.24,8.23,66,9,8,9.5,6.3,cubica,redimensionado_70,204_70.png
612,205,1.46,116.42,14.78,12.51,102,13,12,9.5,9.5,cubica,original,205.png
613,205,0.13,34.93,4.43,3.75,8,3,3,9.5,9.5,cubica,redimensionado_30,205_30.png
614,205,0.71,81.49,10.34,8.75,58,9,8,9.5,9.5,cubica,redimensionado_70,205_70.png
615,206,3.9,240.35,21.07,16.24,156,14,14,9.5,12.5,cubica,original,206.png
616,206,0.35,72.1,6.32,4.87,16,4,4,9.5,12.5,cubica,redimensionado_30,206_30.png
617,206,1.91,168.24,14.75,11.37,75,9,9,9.5,12.5,cubica,redimensionado_70,206_70.png
618,207,2.44,172.4,16.58,14.13,212,19,16,9.5,9.5,cubica,original,207.png
619,207,0.22,51.72,4.97,4.24,19,5,4,9.5,9.5,cubica,redimensionado_30,207_30.png
620,207,1.19,120.68,11.61,9.89,118,13,11,9.5,9.5,cubica,redimensionado_70,207_70.png
621,208,1.79,149.7,16.85,11.99,135,13,14,9.5,9.5,cubica,original,208.png
622,208,0.16,44.91,5.06,3.6,11,3,4,9.5,9.5,cubica,redimensionado_30,208_30.png
623,208,0.88,104.79,11.8,8.39,71,9,9,9.5,9.5,cubica,redimensionado_70,208_70.png
624,209,3.78,237.66,20.04,15.92,209,18,15,9.5,12.5,cubica,original,209.png
625,209,0.34,71.3,6.01,4.78,20,5,4,9.5,12.5,cubica,redimensionado_30,209_30.png
626,209,1.85,166.36,14.03,11.15,107,12,10,9.5,12.5,cubica,redimensionado_70,209_70.png
627,210,4.97,292.08,22.68,17.03,260,20,18,9.5,12.5,cubica,original,210.png
628,210,0.45,87.62,6.81,5.11,28,6,5,9.5,12.5,cubica,redimensionado_30,210_30.png
629,210,2.44,204.46,15.88,11.92,141,14,12,9.5,12.5,cubica,redimensionado_70,210_70.png
630,211,2.82,204.52,20.02,13.79,174,15,17,9.5,9.5,cubica,original,211.png
631,211,0.25,61.36,6.01,4.14,19,4,5,9.5,9.5,cubica,redimensionado_30,211_30.png
632,211,1.38,143.16,14.02,9.66,91,10,11,9.5,9.5,cubica,redimensionado_70,211_70.png
633,212,2.89,190.83,17.16,15.16,167,15,15,9.5,9.5,cubica,original,212.png
634,212,0.26,57.25,5.15,4.55,16,4,4,9.5,9.5,cubica,redimensionado_30,212_30.png
635,212,1.42,133.58,12.01,10.61,88,10,10,9.5,9.5,cubica,redimensionado_70,212_70.png
636,213,3.02,219.26,23.89,13.76,197,19,15,9.5,9.5,cubica,original,213.png
637,213,0.27,65.78,7.17,4.13,19,5,4,9.5,9.5,cubica,redimensionado_30,213_30.png
638,213,1.48,153.48,16.72,9.64,106,13,10,9.5,9.5,cubica,redimensionado_70,213_70.png
639,214,3.07,210.43,20.77,14.59,181,16,15,9.5,9.5,cubica,original,214.png
640,214,0.28,63.13,6.23,4.38,15,4,4,9.5,9.5,cubica,redimensionado_30,214_30.png
641,214,1.5,147.3,14.54,10.21,97,11,10,9.5,9.5,cubica,redimensionado_70,214_70.png
642,215,1.9,146.99,14.79,12.92,130,12,13,9.5,9.5,cubica,original,215.png
643,215,0.17,44.1,4.44,3.88,9,3,3,9.5,9.5,cubica,redimensionado_30,215_30.png
644,215,0.93,102.89,10.36,9.04,69,8,9,9.5,9.5,cubica,redimensionado_70,215_70.png
645,216,3.22,211.39,20.34,15.22,189,18,14,9.5,9.5,cubica,original,216.png
646,216,0.29,63.42,6.1,4.57,20,5,4,9.5,9.5,cubica,redimensionado_30,216_30.png
647,216,1.58,147.97,14.23,10.66,94,12,9,9.5,9.5,cubica,redimensionado_70,216_70.png
648,217,1.94,157.79,16.93,12.32,140,12,14,9.5,9.5,cubica,original,217.png
649,217,0.18,47.34,5.08,3.7,12,3,4,9.5,9.5,cubica,redimensionado_30,217_30.png
650,217,0.95,110.45,11.85,8.63,68,8,9,9.5,9.5,cubica,redimensionado_70,217_70.png
651,218,3.43,216.58,18.94,15.86,196,15,16,9.5,12.5,cubica,original,218.png
652,218,0.31,64.97,5.68,4.76,16,4,4,9.5,12.5,cubica,redimensionado_30,218_30.png
653,218,1.68,151.61,13.26,11.1,100,10,11,9.5,12.5,cubica,redimensionado_70,218_70.png
654,219,3.7,249.6,21.24,14.82,224,20,14,9.5,9.5,cubica,original,219.png
655,219,0.33,74.88,6.37,4.45,24,6,4,9.5,9.5,cubica,redimensionado_30,219_30.png
656,219,1.81,174.72,14.87,10.37,115,14,9,9.5,9.5,cubica,redimensionado_70,219_70.png
657,220,3.26,212.2,20.19,15.37,188,19,14,9.5,9.5,cubica,original,220.png
658,220,0.29,63.66,6.06,4.61,20,5,4,9.5,9.5,cubica,redimensionado_30,220_30.png
659,220,1.6,148.54,14.14,10.76,97,13,9,9.5,9.5,cubica,redimensionado_70,220_70.png
660,221,0.45,57.12,10.78,7.91,43,9,7,4.7,6.3,cubica,original,221.png
661,221,0.04,17.14,3.23,2.37,4,2,2,4.7,6.3,cubica,redimensionado_30,221_30.png
662,221,0.22,39.99,7.54,5.53,22,6,4,4.7,6.3,cubica,redimensionado_70,221_70.png
663,222,0.32,43.94,9.0,7.21,31,6,7,4.7,4.7,cubica,original,222.png
664,222,0.03,13.18,2.7,2.16,2,1,2,4.7,4.7,cubica,redimensionado_30,222_30.png
665,222,0.16,30.75,6.3,5.05,16,4,4,4.7,4.7,cubica,redimensionado_70,222_70.png
666,223,0.37,51.21,9.97,7.32,44,7,8,4.7,4.7,cubica,original,223.png
667,223,0.03,15.36,2.99,2.2,4,2,2,4.7,4.7,cubica,redimensionado_30,223_30.png
668,223,0.18,35.85,6.98,5.12,20,4,5,4.7,4.7,cubica,redimensionado_70,223_70.png
669,224,0.14,27.34,8.44,5.25,21,7,5,4.7,4.7,cubica,original,224.png
670,224,0.01,8.2,2.53,1.57,2,2,1,4.7,4.7,cubica,redimensionado_30,224_30.png
671,224,0.07,19.14,5.91,3.67,11,4,3,4.7,4.7,cubica,redimensionado_70,224_70.png
672,225,0.13,27.61,7.36,4.69,23,6,5,4.7,4.7,cubica,original,225.png
673,225,0.01,8.28,2.21,1.41,1,1,1,4.7,4.7,cubica,redimensionado_30,225_30.png
674,225,0.06,19.33,5.15,3.28,12,4,3,4.7,4.7,cubica,redimensionado_70,225_70.png
675,226,0.38,48.8,9.25,7.7,44,7,8,4.7,4.7,cubica,original,226.png
676,226,0.03,14.64,2.78,2.31,4,2,2,4.7,4.7,cubica,redimensionado_30,226_30.png
677,226,0.18,34.16,6.48,5.39,19,4,5,4.7,4.7,cubica,redimensionado_70,226_70.png
678,227,0.54,73.85,14.42,7.35,68,13,8,4.7,4.7,cubica,original,227.png
679,227,0.05,22.16,4.33,2.2,6,3,2,4.7,4.7,cubica,redimensionado_30,227_30.png
680,227,0.27,51.7,10.1,5.14,38,9,5,4.7,4.7,cubica,redimensionado_70,227_70.png
681,228,0.21,35.55,9.39,5.98,24,6,6,4.7,4.7,cubica,original,228.png
682,228,0.02,10.67,2.82,1.79,1,1,1,4.7,4.7,cubica,redimensionado_30,228_30.png
683,228,0.1,24.89,6.58,4.19,15,4,4,4.7,4.7,cubica,redimensionado_70,228_70.png
684,229,0.2,31.0,7.04,6.37,31,7,7,4.7,4.7,cubica,original,229.png
685,229,0.02,9.3,2.11,1.91,4,2,2,4.7,4.7,cubica,redimensionado_30,229_30.png
686,229,0.1,21.7,4.93,4.46,14,4,4,4.7,4.7,cubica,redimensionado_70,229_70.png
687,230,0.17,31.51,8.13,5.44,30,7,5,4.7,4.7,cubica,original,230.png
688,230,0.02,9.45,2.44,1.63,2,2,1,4.7,4.7,cubica,redimensionado_30,230_30.png
689,230,0.08,22.06,5.69,3.81,12,4,3,4.7,4.7,cubica,redimensionado_70,230_70.png
690,231,0.46,55.62,9.87,8.2,22,6,6,4.7,6.3,cubica,original,231.png
691,231,0.04,16.68,2.96,2.46,1,1,1,4.7,6.3,cubica,redimensionado_30,231_30.png
692,231,0.22,38.93,6.91,5.74,13,4,4,4.7,6.3,cubica,redimensionado_70,231_70.png
693,232,0.14,24.14,6.76,5.87,48,8,8,4.7,4.7,cubica,original,232.png
694,232,0.01,7.24,2.03,1.76,4,2,2,4.7,4.7,cubica,redimensionado_30,232_30.png
695,232,0.07,16.9,4.73,4.11,23,5,5,4.7,4.7,cubica,redimensionado_70,232_70.png
696,233,0.19,30.53,7.39,6.21,29,7,6,4.7,4.7,cubica,original,233.png
697,233,0.02,9.16,2.22,1.86,2,2,1,4.7,4.7,cubica,redimensionado_30,233_30.png
698,233,0.09,21.37,5.18,4.35,15,4,4,4.7,4.7,cubica,redimensionado_70,233_70.png
699,234,0.38,52.2,10.46,7.36,40,9,7,4.7,4.7,cubica,original,234.png
700,234,0.03,15.66,3.14,2.21,4,2,2,4.7,4.7,cubica,redimensionado_30,234_30.png
701,234,0.19,36.54,7.32,5.15,21,6,4,4.7,4.7,cubica,redimensionado_70,234_70.png
702,235,0.32,45.43,9.69,7.01,35,6,8,4.7,4.7,cubica,original,235.png
703,235,0.03,13.63,2.91,2.1,2,1,2,4.7,4.7,cubica,redimensionado_30,235_30.png
704,235,0.16,31.8,6.78,4.91,20,4,5,4.7,4.7,cubica,redimensionado_70,235_70.png
705,236,0.33,47.78,9.63,6.84,41,6,9,4.7,4.7,cubica,original,236.png
706,236,0.03,14.33,2.89,2.05,2,1,2,4.7,4.7,cubica,redimensionado_30,236_30.png
707,236,0.16,33.45,6.74,4.79,22,4,6,4.7,4.7,cubica,redimensionado_70,236_70.png
708,237,0.42,54.2,10.28,7.72,28,6,6,4.7,4.7,cubica,original,237.png
709,237,0.04,16.26,3.08,2.31,1,1,1,4.7,4.7,cubica,redimensionado_30,237_30.png
710,237,0.2,37.94,7.19,5.4,16,4,4,4.7,4.7,cubica,redimensionado_70,237_70.png
711,238,0.2,32.77,7.87,6.05,48,8,9,4.7,4.7,cubica,original,238.png
712,238,0.02,9.83,2.36,1.82,4,2,2,4.7,4.7,cubica,redimensionado_30,238_30.png
713,238,0.1,22.94,5.51,4.24,27,5,6,4.7,4.7,cubica,redimensionado_70,238_70.png
714,239,0.06,15.8,5.93,4.0,12,5,4,4.7,4.7,cubica,original,239.png
715,239,0.01,4.74,1.78,1.2,1,1,1,4.7,4.7,cubica,redimensionado_30,239_30.png
716,239,0.03,11.06,4.15,2.8,6,3,2,4.7,4.7,cubica,redimensionado_70,239_70.png
717,240,0.28,42.48,8.47,6.69,33,6,7,4.7,4.7,cubica,original,240.png
718,240,0.03,12.74,2.54,2.01,2,1,2,4.7,4.7,cubica,redimensionado_30,240_30.png
719,240,0.14,29.74,5.93,4.68,16,4,4,4.7,4.7,cubica,redimensionado_70,240_70.png
720,241,0.25,44.3,12.37,5.67,36,11,6,4.7,4.7,alongada,original,241.png
721,241,0.02,13.29,3.71,1.7,3,3,1,4.7,4.7,alongada,redimensionado_30,241_30.png
722,241,0.12,31.01,8.66,3.97,24,7,4,4.7,4.7,alongada,redimensionado_70,241_70.png
723,242,0.32,46.51,9.36,6.85,40,8,6,4.7,4.7,cubica,original,242.png
724,242,0.03,13.95,2.81,2.06,2,2,1,4.7,4.7,cubica,redimensionado_30,242_30.png
725,242,0.16,32.56,6.56,4.8,20,5,4,4.7,4.7,cubica,redimensionado_70,242_70.png
726,243,0.28,42.45,9.32,6.56,36,8,6,4.7,4.7,cubica,original,243.png
727,243,0.03,12.73,2.8,1.97,2,2,1,4.7,4.7,cubica,redimensionado_30,243_30.png
728,243,0.14,29.71,6.53,4.6,19,5,4,4.7,4.7,cubica,redimensionado_70,243_70.png
729,244,0.23,37.75,8.12,6.06,28,7,5,4.7,4.7,cubica,original,244.png
730,244,0.02,11.32,2.44,1.82,2,2,1,4.7,4.7,cubica,redimensionado_30,244_30.png
731,244,0.11,26.42,5.68,4.24,12,4,3,4.7,4.7,cubica,redimensionado_70,244_70.png
732,245,0.39,52.08,9.9,7.42,31,6,7,4.7,4.7,cubica,original,245.png
733,245,0.03,15.62,2.97,2.23,2,1,2,4.7,4.7,cubica,redimensionado_30,245_30.png
734,245,0.19,36.45,6.93,5.2,15,4,4,4.7,4.7,cubica,redimensionado_70,245_70.png
735,246,0.26,38.78,8.39,6.66,42,8,7,4.7,4.7,cubica,original,246.png
736,246,0.02,11.63,2.52,2.0,4,2,2,4.7,4.7,cubica,redimensionado_30,246_30.png
737,246,0.13,27.14,5.87,4.66,20,5,4,4.7,4.7,cubica,redimensionado_70,246_70.png
738,247,0.2,34.93,9.01,5.85,28,5,8,4.7,4.7,cubica,original,247.png
739,247,0.02,10.48,2.7,1.76,2,1,2,4.7,4.7,cubica,redimensionado_30,247_30.png
740,247,0.1,24.45,6.31,4.1,14,3,5,4.7,4.7,cubica,redimensionado_70,247_70.png
741,248,0.18,30.32,7.31,6.05,23,6,6,4.7,4.7,cubica,original,248.png
742,248,0.02,9.1,2.19,1.82,1,1,1,4.7,4.7,cubica,redimensionado_30,248_30.png
743,248,0.09,21.22,5.12,4.23,15,4,4,4.7,4.7,cubica,redimensionado_70,248_70.png
744,249,0.3,45.17,8.93,6.7,38,7,8,4.7,4.7,cubica,original,249.png
745,249,0.03,13.55,2.68,2.01,4,2,2,4.7,4.7,cubica,redimensionado_30,249_30.png
746,249,0.15,31.62,6.25,4.69,18,4,5,4.7,4.7,cubica,redimensionado_70,249_70.png
747,250,0.28,41.84,9.35,6.72,37,8,7,4.7,4.7,cubica,original,250.png
748,250,0.03,12.55,2.8,2.02,4,2,2,4.7,4.7,cubica,redimensionado_30,250_30.png
749,250,0.14,29.29,6.54,4.7,18,5,4,4.7,4.7,cubica,redimensionado_70,250_70.png
750,251,0.18,31.45,7.51,5.75,34,8,6,4.7,4.7,cubica,original,251.png
751,251,0.02,9.43,2.25,1.72,2,2,1,4.7,4.7,cubica,redimensionado_30,251_30.png
752,251,0.09,22.01,5.26,4.02,20,5,4,4.7,4.7,cubica,redimensionado_70,251_70.png
753,252,0.26,42.52,9.25,6.11,27,5,7,4.7,4.7,cubica,original,252.png
754,252,0.02,12.76,2.77,1.83,2,1,2,4.7,4.7,cubica,redimensionado_30,252_30.png
755,252,0.13,29.77,6.47,4.28,12,3,4,4.7,4.7,cubica,redimensionado_70,252_70.png
756,253,0.53,73.46,14.33,7.21,64,12,8,4.7,4.7,cubica,original,253.png
757,253,0.05,22.04,4.3,2.16,6,3,2,4.7,4.7,cubica,redimensionado_30,253_30.png
758,253,0.26,51.42,10.03,5.04,34,8,5,4.7,4.7,cubica,redimensionado_70,253_70.png
759,254,0.18,33.95,8.7,5.43,28,5,8,4.7,4.7,cubica,original,254.png
760,254,0.02,10.18,2.61,1.63,2,1,2,4.7,4.7,cubica,redimensionado_30,254_30.png
761,254,0.09,23.76,6.09,3.8,15,3,5,4.7,4.7,cubica,redimensionado_70,254_70.png
762,255,0.18,31.93,7.67,5.6,27,5,6,4.7,4.7,cubica,original,255.png
763,255,0.02,9.58,2.3,1.68,1,1,1,4.7,4.7,cubica,redimensionado_30,255_30.png
764,255,0.09,22.35,5.37,3.92,12,3,4,4.7,4.7,cubica,redimensionado_70,255_70.png
765,256,0.12,23.88,7.11,5.01,20,6,5,4.7,4.7,cubica,original,256.png
766,256,0.01,7.17,2.13,1.5,1,1,1,4.7,4.7,cubica,redimensionado_30,256_30.png
767,256,0.06,16.72,4.98,3.51,12,4,3,4.7,4.7,cubica,redimensionado_70,256_70.png
768,257,0.42,59.38,11.59,7.1,49,10,7,4.7,4.7,cubica,original,257.png
769,257,0.04,17.82,3.48,2.13,6,3,2,4.7,4.7,cubica,redimensionado_30,257_30.png
770,257,0.21,41.57,8.11,4.97,26,7,4,4.7,4.7,cubica,redimensionado_70,257_70.png
771,258,0.21,33.93,7.58,6.18,30,6,7,4.7,4.7,cubica,original,258.png
772,258,0.02,10.18,2.28,1.85,2,1,2,4.7,4.7,cubica,redimensionado_30,258_30.png
773,258,0.1,23.75,5.31,4.32,15,4,4,4.7,4.7,cubica,redimensionado_70,258_70.png
774,259,0.26,42.27,8.64,6.17,31,5,7,4.7,4.7,cubica,original,259.png
775,259,0.02,12.68,2.59,1.85,2,1,2,4.7,4.7,cubica,redimensionado_30,259_30.png
776,259,0.13,29.59,6.05,4.32,12,3,4,4.7,4.7,cubica,redimensionado_70,259_70.png
777,260,0.14,25.58,7.39,5.33,24,5,6,4.7,4.7,cubica,original,260.png
778,260,0.01,7.67,2.22,1.6,1,1,1,4.7,4.7,cubica,redimensionado_30,260_30.png
779,260,0.07,17.91,5.18,3.73,11,3,4,4.7,4.7,cubica,redimensionado_70,260_70.png
780,261,0.34,51.83,11.36,6.65,47,10,6,4.7,4.7,cubica,original,261.png
781,261,0.03,15.55,3.41,1.99,3,3,1,4.7,4.7,cubica,redimensionado_30,261_30.png
782,261,0.17,36.28,7.95,4.65,26,7,4,4.7,4.7,cubica,redimensionado_70,261_70.png
783,262,0.13,25.79,6.69,5.22,25,6,5,4.7,4.7,cubica,original,262.png
784,262,0.01,7.74,2.01,1.57,1,1,1,4.7,4.7,cubica,redimensionado_30,262_30.png
785,262,0.07,18.05,4.68,3.66,12,4,3,4.7,4.7,cubica,redimensionado_70,262_70.png
786,263,0.17,32.75,7.9,5.28,32,5,7,4.7,4.7,cubica,original,263.png
787,263,0.02,9.82,2.37,1.58,2,1,2,4.7,4.7,cubica,redimensionado_30,263_30.png
788,263,0.08,22.92,5.53,3.7,12,3,4,4.7,4.7,cubica,redimensionado_70,263_70.png
789,264,0.25,36.88,8.07,6.69,32,6,7,4.7,4.7,cubica,original,264.png
790,264,0.02,11.06,2.42,2.01,2,1,2,4.7,4.7,cubica,redimensionado_30,264_30.png
791,264,0.12,25.81,5.65,4.68,15,4,4,4.7,4.7,cubica,redimensionado_70,264_70.png
792,265,0.45,57.12,10.78,7.91,43,9,7,4.7,6.3,cubica,original,265.png
793,265,0.04,17.14,3.23,2.37,4,2,2,4.7,6.3,cubica,redimensionado_30,265_30.png
794,265,0.22,39.99,7.54,5.53,22,6,4,4.7,6.3,cubica,redimensionado_70,265_70.png
795,266,0.32,43.94,9.0,7.21,31,6,7,4.7,4.7,cubica,original,266.png
796,266,0.03,13.18,2.7,2.16,2,1,2,4.7,4.7,cubica,redimensionado_30,266_30.png
797,266,0.16,30.75,6.3,5.05,16,4,4,4.7,4.7,cubica,redimensionado_70,266_70.png
798,267,0.37,51.21,9.97,7.32,44,7,8,4.7,4.7,cubica,original,267.png
799,267,0.03,15.36,2.99,2.2,4,2,2,4.7,4.7,cubica,redimensionado_30,267_30.png
800,267,0.18,35.85,6.98,5.12,20,4,5,4.7,4.7,cubica,redimensionado_70,267_70.png
801,268,0.14,27.34,8.44,5.25,21,7,5,4.7,4.7,cubica,original,268.png
802,268,0.01,8.2,2.53,1.57,2,2,1,4.7,4.7,cubica,redimensionado_30,268_30.png
803,268,0.07,19.14,5.91,3.67,11,4,3,4.7,4.7,cubica,redimensionado_70,268_70.png
804,269,0.13,27.61,7.36,4.69,23,6,5,4.7,4.7,cubica,original,269.png
805,269,0.01,8.28,2.21,1.41,1,1,1,4.7,4.7,cubica,redimensionado_30,269_30.png
806,269,0.06,19.33,5.15,3.28,12,4,3,4.7,4.7,cubica,redimensionado_70,269_70.png
807,270,0.38,48.8,9.25,7.7,44,7,8,4.7,4.7,cubica,original,270.png
808,270,0.03,14.64,2.78,2.31,4,2,2,4.7,4.7,cubica,redimensionado_30,270_30.png
809,270,0.18,34.16,6.48,5.39,19,4,5,4.7,4.7,cubica,redimensionado_70,270_70.png
810,271,0.54,73.85,14.42,7.35,68,13,8,4.7,4.7,cubica,original,271.png
811,271,0.05,22.16,4.33,2.2,6,3,2,4.7,4.7,cubica,redimensionado_30,271_30.png
812,271,0.27,51.7,10.1,5.14,38,9,5,4.7,4.7,cubica,redimensionado_70,271_70.png
813,272,0.21,35.55,9.39,5.98,24,6,6,4.7,4.7,cubica,original,272.png
814,272,0.02,10.67,2.82,1.79,1,1,1,4.7,4.7,cubica,redimensionado_30,272_30.png
815,272,0.1,24.89,6.58,4.19,15,4,4,4.7,4.7,cubica,redimensionado_70,272_70.png
816,273,0.2,31.0,7.04,6.37,31,7,7,4.7,4.7,cubica,original,273.png
817,273,0.02,9.3,2.11,1.91,4,2,2,4.7,4.7,cubica,redimensionado_30,273_30.png
818,273,0.1,21.7,4.93,4.46,14,4,4,4.7,4.7,cubica,redimensionado_70,273_70.png
819,274,0.17,31.51,8.13,5.44,30,7,5,4.7,4.7,cubica,original,274.png
820,274,0.02,9.45,2.44,1.63,2,2,1,4.7,4.7,cubica,redimensionado_30,274_30.png
821,274,0.08,22.06,5.69,3.81,12,4,3,4.7,4.7,cubica,redimensionado_70,274_70.png
822,275,0.46,55.62,9.87,8.2,22,6,6,4.7,6.3,cubica,original,275.png
823,275,0.04,16.68,2.96,2.46,1,1,1,4.7,6.3,cubica,redimensionado_30,275_30.png
824,275,0.22,38.93,6.91,5.74,13,4,4,4.7,6.3,cubica,redimensionado_70,275_70.png
825,276,0.14,24.14,6.76,5.87,48,8,8,4.7,4.7,cubica,original,276.png
826,276,0.01,7.24,2.03,1.76,4,2,2,4.7,4.7,cubica,redimensionado_30,276_30.png
827,276,0.07,16.9,4.73,4.11,23,5,5,4.7,4.7,cubica,redimensionado_70,276_70.png
828,277,0.19,30.53,7.39,6.21,29,7,6,4.7,4.7,cubica,original,277.png
829,277,0.02,9.16,2.22,1.86,2,2,1,4.7,4.7,cubica,redimensionado_30,277_30.png
830,277,0.09,21.37,5.18,4.35,15,4,4,4.7,4.7,cubica,redimensionado_70,277_70.png
831,278,0.38,52.2,10.46,7.36,40,9,7,4.7,4.7,cubica,original,278.png
832,278,0.03,15.66,3.14,2.21,4,2,2,4.7,4.7,cubica,redimensionado_30,278_30.png
833,278,0.19,36.54,7.32,5.15,21,6,4,4.7,4.7,cubica,redimensionado_70,278_70.png
834,279,0.32,45.43,9.69,7.01,35,6,8,4.7,4.7,cubica,original,279.png
835,279,0.03,13.63,2.91,2.1,2,1,2,4.7,4.7,cubica,redimensionado_30,279_30.png
836,279,0.16,31.8,6.78,4.91,20,4,5,4.7,4.7,cubica,redimensionado_70,279_70.png
837,280,0.33,47.78,9.63,6.84,41,6,9,4.7,4.7,cubica,original,280.png
838,280,0.03,14.33,2.89,2.05,2,1,2,4.7,4.7,cubica,redimensionado_30,280_30.png
839,280,0.16,33.45,6.74,4.79,22,4,6,4.7,4.7,cubica,redimensionado_70,280_70.png
840,281,0.42,54.2,10.28,7.72,28,6,6,4.7,4.7,cubica,original,281.png
841,281,0.04,16.26,3.08,2.31,1,1,1,4.7,4.7,cubica,redimensionado_30,281_30.png
842,281,0.2,37.94,7.19,5.4,16,4,4,4.7,4.7,cubica,redimensionado_70,281_70.png
843,282,0.2,32.77,7.87,6.05,48,8,9,4.7,4.7,cubica,original,282.png
844,282,0.02,9.83,2.36,1.82,4,2,2,4.7,4.7,cubica,redimensionado_30,282_30.png
845,282,0.1,22.94,5.51,4.24,27,5,6,4.7,4.7,cubica,redimensionado_70,282_70.png
846,283,0.06,15.8,5.93,4.0,12,5,4,4.7,4.7,cubica,original,283.png
847,283,0.01,4.74,1.78,1.2,1,1,1,4.7,4.7,cubica,redimensionado_30,283_30.png
848,283,0.03,11.06,4.15,2.8,6,3,2,4.7,4.7,cubica,redimensionado_70,283_70.png
849,284,0.28,42.48,8.47,6.69,33,6,7,4.7,4.7,cubica,original,284.png
850,284,0.03,12.74,2.54,2.01,2,1,2,4.7,4.7,cubica,redimensionado_30,284_30.png
851,284,0.14,29.74,5.93,4.68,16,4,4,4.7,4.7,cubica,redimensionado_70,284_70.png
852,285,0.25,44.3,12.37,5.67,36,11,6,4.7,4.7,alongada,original,285.png
853,285,0.02,13.29,3.71,1.7,3,3,1,4.7,4.7,alongada,redimensionado_30,285_30.png
854,285,0.12,31.01,8.66,3.97,24,7,4,4.7,4.7,alongada,redimensionado_70,285_70.png
855,286,0.32,46.51,9.36,6.85,40,8,6,4.7,4.7,cubica,original,286.png
856,286,0.03,13.95,2.81,2.06,2,2,1,4.7,4.7,cubica,redimensionado_30,286_30.png
857,286,0.16,32.56,6.56,4.8,20,5,4,4.7,4.7,cubica,redimensionado_70,286_70.png
858,287,0.28,42.45,9.32,6.56,36,8,6,4.7,4.7,cubica,original,287.png
859,287,0.03,12.73,2.8,1.97,2,2,1,4.7,4.7,cubica,redimensionado_30,287_30.png
860,287,0.14,29.71,6.53,4.6,19,5,4,4.7,4.7,cubica,redimensionado_70,287_70.png
861,288,0.23,37.75,8.12,6.06,28,7,5,4.7,4.7,cubica,original,288.png
862,288,0.02,11.32,2.44,1.82,2,2,1,4.7,4.7,cubica,redimensionado_30,288_30.png
863,288,0.11,26.42,5.68,4.24,12,4,3,4.7,4.7,cubica,redimensionado_70,288_70.png
864,289,0.39,52.08,9.9,7.42,31,6,7,4.7,4.7,cubica,original,289.png
865,289,0.03,15.62,2.97,2.23,2,1,2,4.7,4.7,cubica,redimensionado_30,289_30.png
866,289,0.19,36.45,6.93,5.2,15,4,4,4.7,4.7,cubica,redimensionado_70,289_70.png
867,290,0.26,38.78,8.39,6.66,42,8,7,4.7,4.7,cubica,original,290.png
868,290,0.02,11.63,2.52,2.0,4,2,2,4.7,4.7,cubica,redimensionado_30,290_30.png
869,290,0.13,27.14,5.87,4.66,20,5,4,4.7,4.7,cubica,redimensionado_70,290_70.png
870,291,0.2,34.93,9.01,5.85,28,5,8,4.7,4.7,cubica,original,291.png
871,291,0.02,10.48,2.7,1.76,2,1,2,4.7,4.7,cubica,redimensionado_30,291_30.png
872,291,0.1,24.45,6.31,4.1,14,3,5,4.7,4.7,cubica,redimensionado_70,291_70.png
873,292,0.18,30.32,7.31,6.05,23,6,6,4.7,4.7,cubica,original,292.png
874,292,0.02,9.1,2.19,1.82,1,1,1,4.7,4.7,cubica,redimensionado_30,292_30.png
875,292,0.09,21.22,5.12,4.23,15,4,4,4.7,4.7,cubica,redimensionado_70,292_70.png
876,293,0.3,45.17,8.93,6.7,38,7,8,4.7,4.7,cubica,original,293.png
877,293,0.03,13.55,2.68,2.01,4,2,2,4.7,4.7,cubica,redimensionado_30,293_30.png
878,293,0.15,31.62,6.25,4.69,18,4,5,4.7,4.7,cubica,redimensionado_70,293_70.png
879,294,0.28,41.84,9.35,6.72,37,8,7,4.7,4.7,cubica,original,294.png
880,294,0.03,12.55,2.8,2.02,4,2,2,4.7,4.7,cubica,redimensionado_30,294_30.png
881,294,0.14,29.29,6.54,4.7,18,5,4,4.7,4.7,cubica,redimensionado_70,294_70.png
882,295,0.18,31.45,7.51,5.75,34,8,6,4.7,4.7,cubica,original,295.png
883,295,0.02,9.43,2.25,1.72,2,2,1,4.7,4.7,cubica,redimensionado_30,295_30.png
884,295,0.09,22.01,5.26,4.02,20,5,4,4.7,4.7,cubica,redimensionado_70,295_70.png
885,296,0.26,42.52,9.25,6.11,27,5,7,4.7,4.7,cubica,original,296.png
886,296,0.02,12.76,2.77,1.83,2,1,2,4.7,4.7,cubica,redimensionado_30,296_30.png
887,296,0.13,29.77,6.47,4.28,12,3,4,4.7,4.7,cubica,redimensionado_70,296_70.png
888,297,0.53,73.46,14.33,7.21,64,12,8,4.7,4.7,cubica,original,297.png
889,297,0.05,22.04,4.3,2.16,6,3,2,4.7,4.7,cubica,redimensionado_30,297_30.png
890,297,0.26,51.42,10.03,5.04,34,8,5,4.7,4.7,cubica,redimensionado_70,297_70.png
891,298,0.18,33.95,8.7,5.43,28,5,8,4.7,4.7,cubica,original,298.png
892,298,0.02,10.18,2.61,1.63,2,1,2,4.7,4.7,cubica,redimensionado_30,298_30.png
893,298,0.09,23.76,6.09,3.8,15,3,5,4.7,4.7,cubica,redimensionado_70,298_70.png
894,299,0.18,31.93,7.67,5.6,27,5,6,4.7,4.7,cubica,original,299.png
895,299,0.02,9.58,2.3,1.68,1,1,1,4.7,4.7,cubica,redimensionado_30,299_30.png
896,299,0.09,22.35,5.37,3.92,12,3,4,4.7,4.7,cubica,redimensionado_70,299_70.png
897,300,0.12,23.88,7.11,5.01,20,6,5,4.7,4.7,cubica,original,300.png
898,300,0.01,7.17,2.13,1.5,1,1,1,4.7,4.7,cubica,redimensionado_30,300_30.png
899,300,0.06,16.72,4.98,3.51,12,4,3,4.7,4.7,cubica,redimensionado_70,300_70.png
900,301,0.42,59.38,11.59,7.1,49,10,7,4.7,4.7,cubica,original,301.png
901,301,0.04,17.82,3.48,2.13,6,3,2,4.7,4.7,cubica,redimensionado_30,301_30.png
902,301,0.21,41.57,8.11,4.97,26,7,4,4.7,4.7,cubica,redimensionado_70,301_70.png
903,302,0.21,33.93,7.58,6.18,30,6,7,4.7,4.7,cubica,original,302.png
904,302,0.02,10.18,2.28,1.85,2,1,2,4.7,4.7,cubica,redimensionado_30,302_30.png
905,302,0.1,23.75,5.31,4.32,15,4,4,4.7,4.7,cubica,redimensionado_70,302_70.png
906,303,0.26,42.27,8.64,6.17,31,5,7,4.7,4.7,cubica,original,303.png
907,303,0.02,12.68,2.59,1.85,2,1,2,4.7,4.7,cubica,redimensionado_30,303_30.png
908,303,0.13,29.59,6.05,4.32,12,3,4,4.7,4.7,cubica,redimensionado_70,303_70.png
909,304,0.14,25.58,7.39,5.33,24,5,6,4.7,4.7,cubica,original,304.png
910,304,0.01,7.67,2.22,1.6,1,1,1,4.7,4.7,cubica,redimensionado_30,304_30.png
911,304,0.07,17.91,5.18,3.73,11,3,4,4.7,4.7,cubica,redimensionado_70,304_70.png
912,305,0.34,51.83,11.36,6.65,47,10,6,4.7,4.7,cubica,original,305.png
913,305,0.03,15.55,3.41,1.99,3,3,1,4.7,4.7,cubica,redimensionado_30,305_30.png
914,305,0.17,36.28,7.95,4.65,26,7,4,4.7,4.7,cubica,redimensionado_70,305_70.png
915,306,0.13,25.79,6.69,5.22,25,6,5,4.7,4.7,cubica,original,306.png
916,306,0.01,7.74,2.01,1.57,1,1,1,4.7,4.7,cubica,redimensionado_30,306_30.png
917,306,0.07,18.05,4.68,3.66,12,4,3,4.7,4.7,cubica,redimensionado_70,306_70.png
918,307,0.17,32.75,7.9,5.28,32,5,7,4.7,4.7,cubica,original,307.png
919,307,0.02,9.82,2.37,1.58,2,1,2,4.7,4.7,cubica,redimensionado_30,307_30.png
920,307,0.08,22.92,5.53,3.7,12,3,4,4.7,4.7,cubica,redimensionado_70,307_70.png
921,308,0.25,36.88,8.07,6.69,32,6,7,4.7,4.7,cubica,original,308.png
922,308,0.02,11.06,2.42,2.01,2,1,2,4.7,4.7,cubica,redimensionado_30,308_30.png
923,308,0.12,25.81,5.65,4.68,15,4,4,4.7,4.7,cubica,redimensionado_70,308_70.png
924,309,14.22,574.0,33.22,24.77,518,31,24,19.5,19.5,cubica,original,309.png
925,309,1.28,172.2,9.97,7.43,57,9,7,19.5,19.5,cubica,redimensionado_30,309_30.png
926,309,6.97,401.8,23.25,17.34,266,21,16,19.5,19.5,cubica,redimensionado_70,309_70.png
927,310,8.43,398.81,26.16,21.14,358,24,21,19.5,12.5,cubica,original,310.png
928,310,0.76,119.64,7.85,6.34,40,7,6,19.5,12.5,cubica,redimensionado_30,310_30.png
929,310,4.13,279.17,18.31,14.8,184,16,14,19.5,12.5,cubica,redimensionado_70,310_70.png
930,311,8.41,391.35,26.88,21.48,339,20,25,19.5,12.5,cubica,original,311.png
931,311,0.76,117.4,8.06,6.44,37,6,7,19.5,12.5,cubica,redimensionado_30,311_30.png
932,311,4.12,273.94,18.81,15.04,186,14,17,19.5,12.5,cubica,redimensionado_70,311_70.png
933,312,2.71,193.56,20.01,14.01,170,13,17,6.3,9.5,cubica,original,312.png
934,312,0.24,58.07,6.0,4.2,15,3,5,6.3,9.5,cubica,redimensionado_30,312_30.png
935,312,1.33,135.49,14.01,9.8,89,9,11,6.3,9.5,cubica,redimensionado_70,312_70.png
936,313,2.42,202.33,23.38,11.95,172,12,21,6.3,9.5,cubica,original,313.png
937,313,0.22,60.7,7.01,3.59,17,3,6,6.3,9.5,cubica,redimensionado_30,313_30.png
938,313,1.19,141.63,16.36,8.37,93,8,14,6.3,9.5,cubica,redimensionado_70,313_70.png
939,314,1.54,139.61,16.65,11.0,116,10,15,6.3,6.3,cubica,original,314.png
940,314,0.14,41.88,4.99,3.3,12,3,4,6.3,6.3,cubica,redimensionado_30,314_30.png
941,314,0.75,97.72,11.65,7.7,66,7,10,6.3,6.3,cubica,redimensionado_70,314_70.png
942,315,2.02,174.58,20.98,11.59,152,12,19,6.3,6.3,cubica,original,315.png
943,315,0.18,52.37,6.29,3.48,15,3,5,6.3,6.3,cubica,redimensionado_30,315_30.png
944,315,0.99,122.21,14.69,8.11,87,8,13,6.3,6.3,cubica,redimensionado_70,315_70.png
945,316,1.89,163.34,18.84,11.56,144,12,17,6.3,6.3,cubica,original,316.png
946,316,0.17,49.0,5.65,3.47,14,3,5,6.3,6.3,cubica,redimensionado_30,316_30.png
947,316,0.93,114.34,13.19,8.09,75,8,11,6.3,6.3,cubica,redimensionado_70,316_70.png
948,317,1.95,164.97,18.09,11.83,143,13,17,6.3,6.3,cubica,original,317.png
949,317,0.18,49.49,5.43,3.55,15,3,5,6.3,6.3,cubica,redimensionado_30,317_30.png
950,317,0.96,115.48,12.67,8.28,80,9,11,6.3,6.3,cubica,redimensionado_70,317_70.png
951,318,2.04,169.99,18.02,11.98,142,11,16,6.3,9.5,cubica,original,318.png
952,318,0.18,51.0,5.41,3.6,12,3,4,6.3,9.5,cubica,redimensionado_30,318_30.png
953,318,1.0,118.99,12.62,8.39,73,7,11,6.3,9.5,cubica,redimensionado_70,318_70.png
954,319,2.32,183.73,18.54,12.63,166,16,16,6.3,9.5,cubica,original,319.png
955,319,0.21,55.12,5.56,3.79,16,4,4,6.3,9.5,cubica,redimensionado_30,319_30.png
956,319,1.14,128.61,12.98,8.84,96,11,11,6.3,9.5,cubica,redimensionado_70,319_70.png
957,320,1.85,152.03,17.22,12.2,127,12,15,6.3,9.5,cubica,original,320.png
958,320,0.17,45.61,5.17,3.66,12,3,4,6.3,9.5,cubica,redimensionado_30,320_30.png
959,320,0.91,106.42,12.05,8.54,69,8,10,6.3,9.5,cubica,redimensionado_70,320_70.png
960,321,1.77,147.42,19.41,12.01,129,15,13,6.3,9.5,cubica,original,321.png
961,321,0.16,44.23,5.82,3.6,11,4,3,6.3,9.5,cubica,redimensionado_30,321_30.png
962,321,0.87,103.19,13.59,8.41,75,10,9,6.3,9.5,cubica,redimensionado_70,321_70.png
963,322,1.57,132.13,15.5,11.89,117,14,12,6.3,9.5,cubica,original,322.png
964,322,0.14,39.64,4.65,3.57,12,4,3,6.3,9.5,cubica,redimensionado_30,322_30.png
965,322,0.77,92.49,10.85,8.32,62,9,8,6.3,9.5,cubica,redimensionado_70,322_70.png
966,323,0.78,82.24,12.37,9.51,72,9,10,6.3,6.3,cubica,original,323.png
967,323,0.07,24.67,3.71,2.85,6,2,3,6.3,6.3,cubica,redimensionado_30,323_30.png
968,323,0.38,57.57,8.66,6.66,40,6,7,6.3,6.3,cubica,redimensionado_70,323_70.png
969,324,1.35,119.73,14.42,11.28,105,13,11,6.3,6.3,cubica,original,324.png
970,324,0.12,35.92,4.33,3.38,9,3,3,6.3,6.3,cubica,redimensionado_30,324_30.png
971,324,0.66,83.81,10.1,7.89,55,9,7,6.3,6.3,cubica,redimensionado_70,324_70.png
972,325,1.72,161.0,19.66,10.68,144,15,15,6.3,6.3,cubica,original,325.png
973,325,0.16,48.3,5.9,3.21,15,4,4,6.3,6.3,cubica,redimensionado_30,325_30.png
974,325,0.84,112.7,13.76,7.48,78,10,10,6.3,6.3,cubica,redimensionado_70,325_70.png
975,326,1.26,121.08,14.52,10.4,79,11,11,6.3,6.3,cubica,original,326.png
976,326,0.11,36.32,4.36,3.12,9,3,3,6.3,6.3,cubica,redimensionado_30,326_30.png
977,326,0.62,84.75,10.16,7.28,43,7,7,6.3,6.3,cubica,redimensionado_70,326_70.png
978,327,0.91,96.18,13.9,9.42,108,13,13,6.3,6.3,cubica,original,327.png
979,327,0.08,28.86,4.17,2.83,9,3,3,6.3,6.3,cubica,redimensionado_30,327_30.png
980,327,0.44,67.33,9.73,6.59,64,9,9,6.3,6.3,cubica,redimensionado_70,327_70.png
981,328,1.42,133.32,18.53,10.63,119,14,12,6.3,6.3,cubica,original,328.png
982,328,0.13,40.0,5.56,3.19,12,4,3,6.3,6.3,cubica,redimensionado_30,328_30.png
983,328,0.69,93.33,12.97,7.44,61,9,8,6.3,6.3,cubica,redimensionado_70,328_70.png
984,329,1.62,156.45,19.13,10.35,135,16,13,6.3,6.3,cubica,original,329.png
985,329,0.15,46.94,5.74,3.1,12,4,3,6.3,6.3,cubica,redimensionado_30,329_30.png
986,329,0.79,109.52,13.39,7.24,80,11,9,6.3,6.3,cubica,redimensionado_70,329_70.png
987,330,0.71,75.18,11.7,9.46,65,10,9,6.3,6.3,cubica,original,330.png
988,330,0.06,22.56,3.51,2.84,6,3,2,6.3,6.3,cubica,redimensionado_30,330_30.png
989,330,0.35,52.63,8.19,6.62,37,7,6,6.3,6.3,cubica,redimensionado_70,330_70.png
990,331,0.54,66.74,10.71,8.08,59,8,9,6.3,6.3,cubica,original,331.png
991,331,0.05,20.02,3.21,2.42,4,2,2,6.3,6.3,cubica,redimensionado_30,331_30.png
992,331,0.26,46.72,7.5,5.65,30,5,6,6.3,6.3,cubica,redimensionado_70,331_70.png
993,332,1.45,122.33,14.26,11.83,103,11,13,6.3,6.3,cubica,original,332.png
994,332,0.13,36.7,4.28,3.55,9,3,3,6.3,6.3,cubica,redimensionado_30,332_30.png
995,332,0.71,85.63,9.98,8.28,57,7,9,6.3,6.3,cubica,redimensionado_70,332_70.png
996,333,1.24,109.3,13.46,11.31,98,11,12,6.3,6.3,cubica,original,333.png
997,333,0.11,32.79,4.04,3.39,9,3,3,6.3,6.3,cubica,redimensionado_30,333_30.png
998,333,0.61,76.51,9.42,7.92,53,7,8,6.3,6.3,cubica,redimensionado_70,333_70.png
999,334,1.51,137.98,16.38,10.91,117,14,13,6.3,6.3,cubica,original,334.png
1000,334,0.14,41.39,4.91,3.27,12,4,3,6.3,6.3,cubica,redimensionado_30,334_30.png
1001,334,0.74,96.58,11.47,7.64,64,9,9,6.3,6.3,cubica,redimensionado_70,334_70.png
1002,335,1.44,121.87,15.79,11.8,103,11,13,6.3,6.3,cubica,original,335.png
1003,335,0.13,36.56,4.74,3.54,9,3,3,6.3,6.3,cubica,redimensionado_30,335_30.png
1004,335,0.7,85.31,11.06,8.26,57,7,9,6.3,6.3,cubica,redimensionado_70,335_70.png
1005,336,1.3,143.08,19.98,9.08,121,14,16,6.3,6.3,alongada,original,336.png
1006,336,0.12,42.92,5.99,2.73,14,4,4,6.3,6.3,alongada,redimensionado_30,336_30.png
1007,336,0.64,100.16,13.99,6.36,70,9,11,6.3,6.3,alongada,redimensionado_70,336_70.png
1008,337,1.64,151.67,17.87,10.8,122,15,10,6.3,6.3,cubica,original,337.png
1009,337,0.15,45.5,5.36,3.24,12,4,3,6.3,6.3,cubica,redimensionado_30,337_30.png
1010,337,0.8,106.17,12.51,7.56,67,10,7,6.3,6.3,cubica,redimensionado_70,337_70.png
1011,338,0.65,70.97,11.4,9.15,59,9,10,6.3,6.3,cubica,original,338.png
1012,338,0.06,21.29,3.42,2.75,6,2,3,6.3,6.3,cubica,redimensionado_30,338_30.png
1013,338,0.32,49.68,7.98,6.41,35,6,7,6.3,6.3,cubica,redimensionado_70,338_70.png
1014,339,1.3,135.65,18.08,9.56,116,16,11,6.3,6.3,cubica,original,339.png
1015,339,0.12,40.7,5.43,2.87,12,4,3,6.3,6.3,cubica,redimensionado_30,339_30.png
1016,339,0.64,94.96,12.66,6.7,65,11,7,6.3,6.3,cubica,redimensionado_70,339_70.png
1017,340,1.93,154.49,17.83,12.47,129,14,12,6.3,9.5,cubica,original,340.png
1018,340,0.17,46.35,5.35,3.74,12,4,3,6.3,9.5,cubica,redimensionado_30,340_30.png
1019,340,0.94,108.14,12.48,8.73,66,9,8,6.3,9.5,cubica,redimensionado_70,340_70.png
1020,341,0.77,77.08,12.25,9.96,70,10,10,6.3,6.3,cubica,original,341.png
1021,341,0.07,23.13,3.67,2.99,9,3,3,6.3,6.3,cubica,redimensionado_30,341_30.png
1022,341,0.38,53.96,8.57,6.97,43,7,7,6.3,6.3,cubica,redimensionado_70,341_70.png
1023,342,1.25,122.28,15.35,10.2,108,13,14,6.3,6.3,cubica,original,342.png
1024,342,0.11,36.68,4.6,3.06,12,3,4,6.3,6.3,cubica,redimensionado_30,342_30.png
1025,342,0.61,85.59,10.74,7.14,61,9,9,6.3,6.3,cubica,redimensionado_70,342_70.png
1026,343,1.35,134.86,18.31,10.02,119,14,13,6.3,6.3,cubica,original,343.png
1027,343,0.12,40.46,5.49,3.01,12,4,3,6.3,6.3,cubica,redimensionado_30,343_30.png
1028,343,0.66,94.4,12.82,7.02,65,9,9,6.3,6.3,cubica,redimensionado_70,343_70.png
1029,344,1.47,139.93,17.76,10.54,131,15,13,6.3,6.3,cubica,original,344.png
1030,344,0.13,41.98,5.33,3.16,12,4,3,6.3,6.3,cubica,redimensionado_30,344_30.png
1031,344,0.72,97.95,12.44,7.38,71,10,9,6.3,6.3,cubica,redimensionado_70,344_70.png
1032,345,1.65,147.85,16.76,11.16,135,14,14,6.3,6.3,cubica,original,345.png
1033,345,0.15,44.36,5.03,3.35,15,4,4,6.3,6.3,cubica,redimensionado_30,345_30.png
1034,345,0.81,103.5,11.73,7.81,69,9,9,6.3,6.3,cubica,redimensionado_70,345_70.png
1035,346,1.55,150.94,19.18,10.27,130,14,14,6.3,6.3,cubica,original,346.png
1036,346,0.14,45.28,5.76,3.08,15,4,4,6.3,6.3,cubica,redimensionado_30,346_30.png
1037,346,0.76,105.66,13.43,7.19,64,9,9,6.3,6.3,cubica,redimensionado_70,346_70.png
1038,347,1.31,123.64,15.41,10.62,114,12,14,6.3,6.3,cubica,original,347.png
1039,347,0.12,37.09,4.62,3.19,11,3,4,6.3,6.3,cubica,redimensionado_30,347_30.png
1040,347,0.64,86.55,10.79,7.43,59,8,9,6.3,6.3,cubica,redimensionado_70,347_70.png
1041,348,1.61,151.2,20.24,10.64,135,19,11,6.3,6.3,cubica,original,348.png
1042,348,0.14,45.36,6.07,3.19,14,5,3,6.3,6.3,cubica,redimensionado_30,348_30.png
1043,348,0.79,105.84,14.17,7.45,74,13,7,6.3,6.3,cubica,redimensionado_70,348_70.png
1044,349,1.74,144.5,15.8,12.06,120,14,11,6.3,9.5,cubica,original,349.png
1045,349,0.16,43.35,4.74,3.62,12,4,3,6.3,9.5,cubica,redimensionado_30,349_30.png
1046,349,0.85,101.15,11.06,8.44,59,9,7,6.3,9.5,cubica,redimensionado_70,349_70.png
1047,350,1.41,129.39,16.5,10.86,112,15,11,6.3,6.3,cubica,original,350.png
1048,350,0.13,38.82,4.95,3.26,12,4,3,6.3,6.3,cubica,redimensionado_30,350_30.png
1049,350,0.69,90.57,11.55,7.6,59,10,7,6.3,6.3,cubica,redimensionado_70,350_70.png
1050,351,0.56,76.39,13.96,7.33,65,12,8,6.3,4.7,cubica,original,351.png
1051,351,0.05,22.92,4.19,2.2,6,3,2,6.3,4.7,cubica,redimensionado_30,351_30.png
1052,351,0.27,53.47,9.78,5.13,35,8,5,6.3,4.7,cubica,redimensionado_70,351_70.png
1053,352,1.55,128.62,17.65,12.07,107,12,13,6.3,9.5,cubica,original,352.png
1054,352,0.14,38.59,5.3,3.62,8,3,3,6.3,9.5,cubica,redimensionado_30,352_30.png
1055,352,0.76,90.04,12.36,8.45,61,8,9,6.3,9.5,cubica,redimensionado_70,352_70.png
1056,353,1.34,129.64,16.13,10.33,116,11,14,6.3,6.3,cubica,original,353.png
1057,353,0.12,38.89,4.84,3.1,12,3,4,6.3,6.3,cubica,redimensionado_30,353_30.png
1058,353,0.66,90.75,11.29,7.23,57,7,9,6.3,6.3,cubica,redimensionado_70,353_70.png
1059,354,1.56,139.86,17.58,11.14,122,14,14,6.3,6.3,cubica,original,354.png
1060,354,0.14,41.96,5.28,3.34,15,4,4,6.3,6.3,cubica,redimensionado_30,354_30.png
1061,354,0.76,97.9,12.31,7.8,63,9,9,6.3,6.3,cubica,redimensionado_70,354_70.png
1062,355,1.67,149.29,18.97,11.19,137,18,11,6.3,6.3,cubica,original,355.png
1063,355,0.15,44.79,5.69,3.36,15,5,3,6.3,6.3,cubica,redimensionado_30,355_30.png
1064,355,0.82,104.5,13.28,7.83,73,12,7,6.3,6.3,cubica,redimensionado_70,355_70.png
1065,356,0.68,74.39,12.45,9.12,58,10,10,6.3,6.3,cubica,original,356.png
1066,356,0.06,22.32,3.73,2.74,9,3,3,6.3,6.3,cubica,redimensionado_30,356_30.png
1067,356,0.33,52.07,8.71,6.38,36,7,7,6.3,6.3,cubica,redimensionado_70,356_70.png
1068,357,0.86,83.58,11.72,10.3,75,10,11,6.3,6.3,cubica,original,357.png
1069,357,0.08,25.07,3.52,3.09,9,3,3,6.3,6.3,cubica,redimensionado_30,357_30.png
1070,357,0.42,58.5,8.21,7.21,43,7,7,6.3,6.3,cubica,redimensionado_70,357_70.png
1071,358,1.28,115.63,14.75,11.1,100,12,10,6.3,6.3,cubica,original,358.png
1072,358,0.12,34.69,4.42,3.33,9,3,3,6.3,6.3,cubica,redimensionado_30,358_30.png
1073,358,0.63,80.94,10.32,7.77,55,8,7,6.3,6.3,cubica,redimensionado_70,358_70.png
1074,359,1.45,131.6,16.56,11.02,116,15,11,6.3,6.3,cubica,original,359.png
1075,359,0.13,39.48,4.97,3.3,12,4,3,6.3,6.3,cubica,redimensionado_30,359_30.png
1076,359,0.71,92.12,11.59,7.71,62,10,7,6.3,6.3,cubica,redimensionado_70,359_70.png
1077,360,0.91,97.81,14.46,9.34,85,13,9,6.3,6.3,cubica,original,360.png
1078,360,0.08,29.34,4.34,2.8,6,3,2,6.3,6.3,cubica,redimensionado_30,360_30.png
1079,360,0.45,68.47,10.12,6.54,48,9,6,6.3,6.3,cubica,redimensionado_70,360_70.png
1080,361,1.16,115.21,15.21,10.1,108,13,11,6.3,6.3,cubica,original,361.png
1081,361,0.1,34.56,4.56,3.03,9,3,3,6.3,6.3,cubica,redimensionado_30,361_30.png
1082,361,0.57,80.64,10.65,7.07,58,9,7,6.3,6.3,cubica,redimensionado_70,361_70.png
1083,362,1.73,159.71,20.5,10.84,149,17,16,6.3,6.3,cubica,original,362.png
1084,362,0.16,47.91,6.15,3.25,17,5,4,6.3,6.3,cubica,redimensionado_30,362_30.png
1085,362,0.85,111.8,14.35,7.59,86,11,11,6.3,6.3,cubica,redimensionado_70,362_70.png
1086,363,1.38,120.76,14.88,11.46,106,12,13,6.3,6.3,cubica,original,363.png
1087,363,0.12,36.23,4.46,3.44,8,3,3,6.3,6.3,cubica,redimensionado_30,363_30.png
1088,363,0.68,84.53,10.41,8.02,60,8,9,6.3,6.3,cubica,redimensionado_70,363_70.png
1089,364,1.87,168.41,20.3,11.1,144,19,10,6.3,6.3,cubica,original,364.png
1090,364,0.17,50.52,6.09,3.33,15,5,3,6.3,6.3,cubica,redimensionado_30,364_30.png
1091,364,0.92,117.88,14.21,7.77,80,13,7,6.3,6.3,cubica,redimensionado_70,364_70.png
1092,365,1.75,151.0,18.1,11.57,101,12,13,6.3,6.3,cubica,original,365.png
1093,365,0.16,45.3,5.43,3.47,9,3,3,6.3,6.3,cubica,redimensionado_30,365_30.png
1094,365,0.86,105.7,12.67,8.1,59,8,9,6.3,6.3,cubica,redimensionado_70,365_70.png
1095,366,1.26,117.58,15.34,10.7,131,14,15,6.3,6.3,cubica,original,366.png
1096,366,0.11,35.27,4.6,3.21,15,4,4,6.3,6.3,cubica,redimensionado_30,366_30.png
1097,366,0.62,82.3,10.74,7.49,69,9,10,6.3,6.3,cubica,redimensionado_70,366_70.png
1098,367,1.06,123.03,19.15,8.65,106,16,12,6.3,6.3,alongada,original,367.png
1099,367,0.1,36.91,5.75,2.6,11,4,3,6.3,6.3,alongada,redimensionado_30,367_30.png
1100,367,0.52,86.12,13.41,6.06,65,11,8,6.3,6.3,alongada,redimensionado_70,367_70.png
1101,368,0.91,110.54,17.34,8.25,85,11,10,6.3,6.3,alongada,original,368.png
1102,368,0.08,33.16,5.2,2.47,9,3,3,6.3,6.3,alongada,redimensionado_30,368_30.png
1103,368,0.45,77.38,12.14,5.77,46,7,7,6.3,6.3,alongada,redimensionado_70,368_70.png
1104,369,0.97,94.72,12.19,10.22,96,16,9,6.3,6.3,cubica,original,369.png
1105,369,0.09,28.42,3.66,3.07,8,4,2,6.3,6.3,cubica,redimensionado_30,369_30.png
1106,369,0.47,66.3,8.53,7.15,56,11,6,6.3,6.3,cubica,redimensionado_70,369_70.png
1107,370,1.61,139.89,15.54,11.49,122,13,11,6.3,6.3,cubica,original,370.png
1108,370,0.14,41.97,4.66,3.45,9,3,3,6.3,6.3,cubica,redimensionado_30,370_30.png
1109,370,0.79,97.92,10.88,8.04,61,9,7,6.3,6.3,cubica,redimensionado_70,370_70.png
1110,371,1.21,122.62,15.56,9.88,101,14,10,6.3,6.3,cubica,original,371.png
1111,371,0.11,36.78,4.67,2.96,12,4,3,6.3,6.3,cubica,redimensionado_30,371_30.png
1112,371,0.59,85.83,10.89,6.92,57,9,7,6.3,6.3,cubica,redimensionado_70,371_70.png
1113,372,1.84,141.09,14.85,13.02,117,13,13,6.3,9.5,cubica,original,372.png
1114,372,0.17,42.33,4.46,3.91,9,3,3,6.3,9.5,cubica,redimensionado_30,372_30.png
1115,372,0.9,98.76,10.4,9.12,67,9,9,6.3,9.5,cubica,redimensionado_70,372_70.png
1116,373,1.32,126.98,16.45,10.38,126,15,13,6.3,6.3,cubica,original,373.png
1117,373,0.12,38.09,4.94,3.11,12,4,3,6.3,6.3,cubica,redimensionado_30,373_30.png
1118,373,0.65,88.88,11.52,7.26,68,10,9,6.3,6.3,cubica,redimensionado_70,373_70.png
1119,374,1.65,152.86,18.33,10.79,117,15,10,6.3,6.3,cubica,original,374.png
1120,374,0.15,45.86,5.5,3.24,12,4,3,6.3,6.3,cubica,redimensionado_30,374_30.png
1121,374,0.81,107.0,12.83,7.55,66,10,7,6.3,6.3,cubica,redimensionado_70,374_70.png
1122,375,0.87,98.47,14.83,8.8,85,13,10,6.3,6.3,cubica,original,375.png
1123,375,0.08,29.54,4.45,2.64,9,3,3,6.3,6.3,cubica,redimensionado_30,375_30.png
1124,375,0.42,68.93,10.38,6.16,52,9,7,6.3,6.3,cubica,redimensionado_70,375_70.png
1125,376,1.26,114.06,14.27,11.06,96,11,11,6.3,6.3,cubica,original,376.png
1126,376,0.11,34.22,4.28,3.32,9,3,3,6.3,6.3,cubica,redimensionado_30,376_30.png
1127,376,0.62,79.84,9.99,7.74,46,7,7,6.3,6.3,cubica,redimensionado_70,376_70.png
1128,377,1.24,119.52,16.17,10.37,108,15,11,6.3,6.3,cubica,original,377.png
1129,377,0.11,35.86,4.85,3.11,12,4,3,6.3,6.3,cubica,redimensionado_30,377_30.png
1130,377,0.61,83.67,11.32,7.26,58,10,7,6.3,6.3,cubica,redimensionado_70,377_70.png
1131,378,1.34,128.37,16.84,10.42,115,14,10,6.3,6.3,cubica,original,378.png
1132,378,0.12,38.51,5.05,3.13,12,4,3,6.3,6.3,cubica,redimensionado_30,378_30.png
1133,378,0.66,89.86,11.79,7.29,59,9,7,6.3,6.3,cubica,redimensionado_70,378_70.png
1134,379,1.13,127.61,18.0,8.83,111,16,8,6.3,6.3,alongada,original,379.png
1135,379,0.1,38.28,5.4,2.65,8,4,2,6.3,6.3,alongada,redimensionado_30,379_30.png
1136,379,0.55,89.33,12.6,6.18,55,11,5,6.3,6.3,alongada,redimensionado_70,379_70.png
1137,380,0.81,93.53,15.65,8.62,80,14,9,6.3,6.3,cubica,original,380.png
1138,380,0.07,28.06,4.69,2.59,8,4,2,6.3,6.3,cubica,redimensionado_30,380_30.png
1139,380,0.39,65.47,10.95,6.03,44,9,6,6.3,6.3,cubica,redimensionado_70,380_70.png
1140,381,1.11,110.72,15.97,10.02,102,14,10,6.3,6.3,cubica,original,381.png
1141,381,0.1,33.21,4.79,3.01,12,4,3,6.3,6.3,cubica,redimensionado_30,381_30.png
1142,381,0.54,77.5,11.18,7.01,54,9,7,6.3,6.3,cubica,redimensionado_70,381_70.png
1143,382,1.6,143.98,18.84,11.13,122,14,13,6.3,6.3,cubica,original,382.png
1144,382,0.14,43.19,5.65,3.34,11,4,3,6.3,6.3,cubica,redimensionado_30,382_30.png
1145,382,0.79,100.78,13.19,7.79,65,9,9,6.3,6.3,cubica,redimensionado_70,382_70.png
1146,383,1.38,134.38,16.99,10.27,106,15,13,6.3,6.3,cubica,original,383.png
1147,383,0.12,40.31,5.1,3.08,11,4,3,6.3,6.3,cubica,redimensionado_30,383_30.png
1148,383,0.68,94.07,11.89,7.19,63,10,9,6.3,6.3,cubica,redimensionado_70,383_70.png
1149,384,1.68,132.7,16.23,12.69,118,13,15,6.3,9.5,cubica,original,384.png
1150,384,0.15,39.81,4.87,3.81,12,3,4,6.3,9.5,cubica,redimensionado_30,384_30.png
1151,384,0.83,92.89,11.36,8.89,68,9,10,6.3,9.5,cubica,redimensionado_70,384_70.png
1152,385,1.11,117.76,17.4,9.39,122,15,13,6.3,6.3,cubica,original,385.png
1153,385,0.1,35.33,5.22,2.82,11,4,3,6.3,6.3,cubica,redimensionado_30,385_30.png
1154,385,0.54,82.43,12.18,6.57,70,10,9,6.3,6.3,cubica,redimensionado_70,385_70.png
1155,386,1.48,131.09,15.58,11.29,111,14,12,6.3,6.3,cubica,original,386.png
1156,386,0.13,39.33,4.67,3.39,12,4,3,6.3,6.3,cubica,redimensionado_30,386_30.png
1157,386,0.72,91.77,10.9,7.9,60,9,8,6.3,6.3,cubica,redimensionado_70,386_70.png
1158,387,1.78,145.59,16.4,12.24,135,14,12,6.3,9.5,cubica,original,387.png
1159,387,0.16,43.68,4.92,3.67,12,4,3,6.3,9.5,cubica,redimensionado_30,387_30.png
1160,387,0.87,101.92,11.48,8.57,68,9,8,6.3,9.5,cubica,redimensionado_70,387_70.png
1161,388,1.27,109.96,14.84,11.54,96,11,11,6.3,6.3,cubica,original,388.png
1162,388,0.11,32.99,4.45,3.46,9,3,3,6.3,6.3,cubica,redimensionado_30,388_30.png
1163,388,0.62,76.97,10.39,8.08,46,7,7,6.3,6.3,cubica,redimensionado_70,388_70.png
1164,389,0.87,92.0,14.69,9.46,78,13,9,6.3,6.3,cubica,original,389.png
1165,389,0.08,27.6,4.41,2.84,6,3,2,6.3,6.3,cubica,redimensionado_30,389_30.png
1166,389,0.43,64.4,10.29,6.62,48,9,6,6.3,6.3,cubica,redimensionado_70,389_70.png
1167,390,1.58,145.39,16.57,10.89,126,15,13,6.3,6.3,cubica,original,390.png
1168,390,0.14,43.62,4.97,3.27,12,4,3,6.3,6.3,cubica,redimensionado_30,390_30.png
1169,390,0.78,101.77,11.6,7.62,72,10,9,6.3,6.3,cubica,redimensionado_70,390_70.png
1170,391,1.76,150.01,16.95,11.7,125,14,12,6.3,6.3,cubica,original,391.png
1171,391,0.16,45.0,5.08,3.51,12,4,3,6.3,6.3,cubica,redimensionado_30,391_30.png
1172,391,0.86,105.0,11.86,8.19,65,9,8,6.3,6.3,cubica,redimensionado_70,391_70.png
1173,392,1.24,127.74,18.15,9.68,111,12,14,6.3,6.3,cubica,original,392.png
1174,392,0.11,38.32,5.45,2.91,12,3,4,6.3,6.3,cubica,redimensionado_30,392_30.png
1175,392,0.61,89.42,12.71,6.78,58,8,9,6.3,6.3,cubica,redimensionado_70,392_70.png
1176,393,2.0,157.29,16.68,12.7,134,15,13,6.3,9.5,cubica,original,393.png
1177,393,0.18,47.19,5.0,3.81,12,4,3,6.3,9.5,cubica,redimensionado_30,393_30.png
1178,393,0.98,110.11,11.67,8.89,76,10,9,6.3,9.5,cubica,redimensionado_70,393_70.png
1179,394,1.4,132.4,16.91,10.55,119,15,10,6.3,6.3,cubica,original,394.png
1180,394,0.13,39.72,5.07,3.16,12,4,3,6.3,6.3,cubica,redimensionado_30,394_30.png
1181,394,0.68,92.68,11.84,7.38,66,10,7,6.3,6.3,cubica,redimensionado_70,394_70.png
1182,395,1.4,132.19,17.45,10.6,112,14,12,6.3,6.3,cubica,original,395.png
1183,395,0.13,39.66,5.23,3.18,11,4,3,6.3,6.3,cubica,redimensionado_30,395_30.png
1184,395,0.69,92.53,12.21,7.42,59,9,8,6.3,6.3,cubica,redimensionado_70,395_70.png
1185,396,1.49,135.46,17.81,10.98,119,16,13,6.3,6.3,cubica,original,396.png
1186,396,0.13,40.64,5.34,3.29,12,4,3,6.3,6.3,cubica,redimensionado_30,396_30.png
1187,396,0.73,94.83,12.47,7.69,74,11,9,6.3,6.3,cubica,redimensionado_70,396_70.png
1188,397,1.61,155.18,19.39,10.37,131,14,15,6.3,6.3,cubica,original,397.png
1189,397,0.14,46.55,5.82,3.11,14,4,4,6.3,6.3,cubica,redimensionado_30,397_30.png
1190,397,0.79,108.62,13.58,7.26,70,9,10,6.3,6.3,cubica,redimensionado_70,397_70.png
1191,398,1.64,137.29,14.99,11.96,119,14,13,6.3,9.5,cubica,original,398.png
1192,398,0.15,41.19,4.5,3.59,12,4,3,6.3,9.5,cubica,redimensionado_30,398_30.png
1193,398,0.8,96.1,10.49,8.37,67,9,9,6.3,9.5,cubica,redimensionado_70,398_70.png
1194,399,1.8,148.19,15.89,12.13,133,15,11,6.3,9.5,cubica,original,399.png
1195,399,0.16,44.46,4.77,3.64,12,4,3,6.3,9.5,cubica,redimensionado_30,399_30.png
1196,399,0.88,103.74,11.12,8.49,66,10,7,6.3,9.5,cubica,redimensionado_70,399_70.png
1197,400,1.28,125.12,15.62,10.21,113,15,9,6.3,6.3,cubica,original,400.png
1198,400,0.11,37.54,4.69,3.06,8,4,2,6.3,6.3,cubica,redimensionado_30,400_30.png
1199,400,0.63,87.58,10.94,7.14,58,10,6,6.3,6.3,cubica,redimensionado_70,400_70.png
1200,401,1.32,131.9,16.01,10.04,112,14,11,6.3,6.3,cubica,original,401.png
1201,401,0.12,39.57,4.8,3.01,12,4,3,6.3,6.3,cubica,redimensionado_30,401_30.png
1202,401,0.65,92.33,11.21,7.02,57,9,7,6.3,6.3,cubica,redimensionado_70,401_70.png
1203,402,2.16,186.8,20.57,11.56,161,16,16,6.3,6.3,cubica,original,402.png
1204,402,0.19,56.04,6.17,3.47,14,4,4,6.3,6.3,cubica,redimensionado_30,402_30.png
1205,402,1.06,130.76,14.4,8.09,92,11,11,6.3,6.3,cubica,redimensionado_70,402_70.png
1206,403,1.66,157.23,20.84,10.56,138,18,10,6.3,6.3,cubica,original,403.png
1207,403,0.15,47.17,6.25,3.17,15,5,3,6.3,6.3,cubica,redimensionado_30,403_30.png
1208,403,0.81,110.06,14.58,7.39,77,12,7,6.3,6.3,cubica,redimensionado_70,403_70.png
1209,404,1.83,154.04,16.64,11.88,131,14,14,6.3,6.3,cubica,original,404.png
1210,404,0.16,46.21,4.99,3.56,16,4,4,6.3,6.3,cubica,redimensionado_30,404_30.png
1211,404,0.9,107.83,11.65,8.31,67,9,9,6.3,6.3,cubica,redimensionado_70,404_70.png
1212,405,1.96,153.46,17.54,12.75,100,13,10,6.3,9.5,cubica,original,405.png
1213,405,0.18,46.04,5.26,3.83,9,3,3,6.3,9.5,cubica,redimensionado_30,405_30.png
1214,405,0.96,107.42,12.28,8.93,57,9,7,6.3,9.5,cubica,redimensionado_70,405_70.png
1215,406,1.31,121.14,14.74,10.84,143,14,13,6.3,6.3,cubica,original,406.png
1216,406,0.12,36.34,4.42,3.25,12,4,3,6.3,6.3,cubica,redimensionado_30,406_30.png
1217,406,0.64,84.8,10.32,7.59,74,9,9,6.3,6.3,cubica,redimensionado_70,406_70.png
1218,407,1.28,114.27,13.16,11.22,104,12,12,6.3,6.3,cubica,original,407.png
1219,407,0.12,34.28,3.95,3.37,9,3,3,6.3,6.3,cubica,redimensionado_30,407_30.png
1220,407,0.63,79.99,9.21,7.85,58,8,8,6.3,6.3,cubica,redimensionado_70,407_70.png
1221,408,0.57,68.13,11.98,8.4,40,8,7,6.3,6.3,cubica,original,408.png
1222,408,0.05,20.44,3.59,2.52,4,2,2,6.3,6.3,cubica,redimensionado_30,408_30.png
1223,408,0.28,47.69,8.39,5.88,19,5,4,6.3,6.3,cubica,redimensionado_70,408_70.png
1224,409,0.37,48.72,8.8,7.53,58,9,8,6.3,4.7,cubica,original,409.png
1225,409,0.03,14.62,2.64,2.26,4,2,2,6.3,4.7,cubica,redimensionado_30,409_30.png
1226,409,0.18,34.1,6.16,5.27,29,6,5,6.3,4.7,cubica,redimensionado_70,409_70.png
1227,410,1.64,132.36,16.44,12.39,118,15,12,6.3,9.5,cubica,original,410.png
1228,410,0.15,39.71,4.93,3.72,12,4,3,6.3,9.5,cubica,redimensionado_30,410_30.png
1229,410,0.8,92.65,11.51,8.67,66,10,8,6.3,9.5,cubica,redimensionado_70,410_70.png
1230,411,1.22,113.28,13.9,10.76,93,12,10,6.3,6.3,cubica,original,411.png
1231,411,0.11,33.99,4.17,3.23,9,3,3,6.3,6.3,cubica,redimensionado_30,411_30.png
1232,411,0.6,79.3,9.73,7.53,54,8,7,6.3,6.3,cubica,redimensionado_70,411_70.png
